2026-02-10 02:12:26,682 | INFO | --- 🏭 Generador de Datos para Grafana ---
2026-02-10 02:12:26,682 | INFO | 📁 Base de Datos: /tmp/grafana_demo.db
2026-02-10 02:12:26,682 | INFO | 📝 Logs guardados en: /home/danielmf31/Documentos/PlatformIO/Projects/Proyecto_Demeter/Python/Playground/SQL/logs/demeter_service.log
2026-02-10 02:12:26,682 | INFO | ------------------------------------------
2026-02-10 02:12:26,682 | INFO | 🔓 Permisos actualizados a 666 para: /tmp/grafana_demo.db
2026-02-10 02:12:26,683 | INFO | --- ⏱️ Ciclo: 2026-02-10 01:12:26 ---
2026-02-10 02:12:26,683 | INFO | 📡 Insertando: Sensor_Patio    | Temp: 17.11°C
2026-02-10 02:12:26,683 | INFO | 📡 Insertando: Sensor_Cocina   | Temp: 17.97°C
2026-02-10 02:12:26,683 | INFO | 📡 Insertando: Sensor_Salon    | Temp: 19.65°C
2026-02-10 02:12:26,683 | INFO | 🔋 Insertando: Bateria_General | 99.5%
2026-02-10 02:12:26,683 | INFO | 💧 Insertando: Humedad_Patio   | 75.1%
2026-02-10 02:12:31,686 | INFO | --- ⏱️ Ciclo: 2026-02-10 01:12:31 ---
2026-02-10 02:12:31,686 | INFO | 📡 Insertando: Sensor_Patio    | Temp: 19.35°C
2026-02-10 02:12:31,687 | INFO | 📡 Insertando: Sensor_Cocina   | Temp: 15.51°C
2026-02-10 02:12:31,687 | INFO | 📡 Insertando: Sensor_Salon    | Temp: 17.43°C
2026-02-10 02:12:31,688 | INFO | 🔋 Insertando: Bateria_General | 99.0%
2026-02-10 02:12:31,688 | INFO | 💧 Insertando: Humedad_Patio   | 70.4%
2026-02-10 02:12:36,690 | INFO | --- ⏱️ Ciclo: 2026-02-10 01:12:36 ---
2026-02-10 02:12:36,691 | INFO | 📡 Insertando: Sensor_Patio    | Temp: 17.39°C
2026-02-10 02:12:36,692 | INFO | 📡 Insertando: Sensor_Cocina   | Temp: 13.79°C
2026-02-10 02:12:36,692 | INFO | 📡 Insertando: Sensor_Salon    | Temp: 15.05°C
2026-02-10 02:12:36,692 | INFO | 🔋 Insertando: Bateria_General | 98.5%
2026-02-10 02:12:36,692 | INFO | 💧 Insertando: Humedad_Patio   | 74.1%
2026-02-10 02:12:41,696 | INFO | --- ⏱️ Ciclo: 2026-02-10 01:12:41 ---
2026-02-10 02:12:41,696 | INFO | 📡 Insertando: Sensor_Patio    | Temp: 17.25°C
2026-02-10 02:12:41,697 | INFO | 📡 Insertando: Sensor_Cocina   | Temp: 11.53°C
2026-02-10 02:12:41,698 | INFO | 📡 Insertando: Sensor_Salon    | Temp: 13.43°C
2026-02-10 02:12:41,698 | INFO | 🔋 Insertando: Bateria_General | 98.0%
2026-02-10 02:12:41,698 | INFO | 💧 Insertando: Humedad_Patio   | 74.8%
2026-02-10 02:12:46,702 | INFO | --- ⏱️ Ciclo: 2026-02-10 01:12:46 ---
2026-02-10 02:12:46,702 | INFO | 📡 Insertando: Sensor_Patio    | Temp: 14.45°C
2026-02-10 02:12:46,703 | INFO | 📡 Insertando: Sensor_Cocina   | Temp: 12.72°C
2026-02-10 02:12:46,703 | INFO | 📡 Insertando: Sensor_Salon    | Temp: 16.54°C
2026-02-10 02:12:46,704 | INFO | 🔋 Insertando: Bateria_General | 97.5%
2026-02-10 02:12:46,704 | INFO | 💧 Insertando: Humedad_Patio   | 77.5%
2026-02-10 02:12:51,708 | INFO | --- ⏱️ Ciclo: 2026-02-10 01:12:51 ---
2026-02-10 02:12:51,709 | INFO | 📡 Insertando: Sensor_Patio    | Temp: 17.03°C
2026-02-10 02:12:51,710 | INFO | 📡 Insertando: Sensor_Cocina   | Temp: 14.94°C
2026-02-10 02:12:51,710 | INFO | 📡 Insertando: Sensor_Salon    | Temp: 16.51°C
2026-02-10 02:12:51,710 | INFO | 🔋 Insertando: Bateria_General | 97.0%
2026-02-10 02:12:51,710 | INFO | 💧 Insertando: Humedad_Patio   | 74.8%
2026-02-10 02:12:56,715 | INFO | --- ⏱️ Ciclo: 2026-02-10 01:12:56 ---
2026-02-10 02:12:56,715 | INFO | 📡 Insertando: Sensor_Patio    | Temp: 14.92°C
2026-02-10 02:12:56,716 | INFO | 📡 Insertando: Sensor_Cocina   | Temp: 17.35°C
2026-02-10 02:12:56,716 | INFO | 📡 Insertando: Sensor_Salon    | Temp: 14.23°C
2026-02-10 02:12:56,716 | INFO | 🔋 Insertando: Bateria_General | 96.5%
2026-02-10 02:12:56,716 | INFO | 💧 Insertando: Humedad_Patio   | 78.7%
2026-02-10 02:13:01,720 | INFO | --- ⏱️ Ciclo: 2026-02-10 01:13:01 ---
2026-02-10 02:13:01,721 | INFO | 📡 Insertando: Sensor_Patio    | Temp: 13.06°C
2026-02-10 02:13:01,721 | INFO | 📡 Insertando: Sensor_Cocina   | Temp: 19.65°C
2026-02-10 02:13:01,722 | INFO | 📡 Insertando: Sensor_Salon    | Temp: 11.64°C
2026-02-10 02:13:01,722 | INFO | 🔋 Insertando: Bateria_General | 96.0%
2026-02-10 02:13:01,722 | INFO | 💧 Insertando: Humedad_Patio   | 78.8%
2026-02-10 02:13:06,726 | INFO | --- ⏱️ Ciclo: 2026-02-10 01:13:06 ---
2026-02-10 02:13:06,727 | INFO | 📡 Insertando: Sensor_Patio    | Temp: 10.90°C
2026-02-10 02:13:06,727 | INFO | 📡 Insertando: Sensor_Cocina   | Temp: 17.71°C
2026-02-10 02:13:06,728 | INFO | 📡 Insertando: Sensor_Salon    | Temp: 12.36°C
2026-02-10 02:13:06,728 | INFO | 🔋 Insertando: Bateria_General | 95.5%
2026-02-10 02:13:06,728 | INFO | 💧 Insertando: Humedad_Patio   | 84.6%
2026-02-10 02:13:11,732 | INFO | --- ⏱️ Ciclo: 2026-02-10 01:13:11 ---
2026-02-10 02:13:11,733 | INFO | 📡 Insertando: Sensor_Patio    | Temp: 12.65°C
2026-02-10 02:13:11,734 | INFO | 📡 Insertando: Sensor_Cocina   | Temp: 17.35°C
2026-02-10 02:13:11,734 | INFO | 📡 Insertando: Sensor_Salon    | Temp: 15.00°C
2026-02-10 02:13:11,735 | INFO | 🔋 Insertando: Bateria_General | 95.0%
2026-02-10 02:13:11,735 | INFO | 💧 Insertando: Humedad_Patio   | 81.7%
2026-02-10 02:13:16,739 | INFO | --- ⏱️ Ciclo: 2026-02-10 01:13:16 ---
2026-02-10 02:13:16,739 | INFO | 📡 Insertando: Sensor_Patio    | Temp: 10.19°C
2026-02-10 02:13:16,739 | INFO | 📡 Insertando: Sensor_Cocina   | Temp: 15.92°C
2026-02-10 02:13:16,739 | INFO | 📡 Insertando: Sensor_Salon    | Temp: 17.72°C
2026-02-10 02:13:16,739 | INFO | 🔋 Insertando: Bateria_General | 94.5%
2026-02-10 02:13:16,739 | INFO | 💧 Insertando: Humedad_Patio   | 86.1%
2026-02-10 02:13:21,743 | INFO | --- ⏱️ Ciclo: 2026-02-10 01:13:21 ---
2026-02-10 02:13:21,745 | INFO | 📡 Insertando: Sensor_Patio    | Temp: 12.54°C
2026-02-10 02:13:21,746 | INFO | 📡 Insertando: Sensor_Cocina   | Temp: 17.79°C
2026-02-10 02:13:21,746 | INFO | 📡 Insertando: Sensor_Salon    | Temp: 14.23°C
2026-02-10 02:13:21,746 | INFO | 🔋 Insertando: Bateria_General | 94.0%
2026-02-10 02:13:21,746 | INFO | 💧 Insertando: Humedad_Patio   | 79.3%
2026-02-10 02:13:26,749 | INFO | --- ⏱️ Ciclo: 2026-02-10 01:13:26 ---
2026-02-10 02:13:26,750 | INFO | 📡 Insertando: Sensor_Patio    | Temp: 13.06°C
2026-02-10 02:13:26,751 | INFO | 📡 Insertando: Sensor_Cocina   | Temp: 14.88°C
2026-02-10 02:13:26,751 | INFO | 📡 Insertando: Sensor_Salon    | Temp: 11.43°C
2026-02-10 02:13:26,751 | INFO | 🔋 Insertando: Bateria_General | 93.5%
2026-02-10 02:13:26,751 | INFO | 💧 Insertando: Humedad_Patio   | 78.9%
2026-02-10 02:13:31,756 | INFO | --- ⏱️ Ciclo: 2026-02-10 01:13:31 ---
2026-02-10 02:13:31,756 | INFO | 📡 Insertando: Sensor_Patio    | Temp: 10.29°C
2026-02-10 02:13:31,756 | INFO | 📡 Insertando: Sensor_Cocina   | Temp: 12.33°C
2026-02-10 02:13:31,756 | INFO | 📡 Insertando: Sensor_Salon    | Temp: 13.38°C
2026-02-10 02:13:31,756 | INFO | 🔋 Insertando: Bateria_General | 93.0%
2026-02-10 02:13:31,756 | INFO | 💧 Insertando: Humedad_Patio   | 84.8%
2026-02-10 02:13:36,759 | INFO | --- ⏱️ Ciclo: 2026-02-10 01:13:36 ---
2026-02-10 02:13:36,759 | INFO | 📡 Insertando: Sensor_Patio    | Temp: 12.79°C
2026-02-10 02:13:36,759 | INFO | 📡 Insertando: Sensor_Cocina   | Temp: 14.53°C
2026-02-10 02:13:36,759 | INFO | 📡 Insertando: Sensor_Salon    | Temp: 11.03°C
2026-02-10 02:13:36,759 | INFO | 🔋 Insertando: Bateria_General | 92.5%
2026-02-10 02:13:36,759 | INFO | 💧 Insertando: Humedad_Patio   | 80.6%
2026-02-10 02:13:41,761 | INFO | --- ⏱️ Ciclo: 2026-02-10 01:13:41 ---
2026-02-10 02:13:41,761 | INFO | 📡 Insertando: Sensor_Patio    | Temp: 15.54°C
2026-02-10 02:13:41,762 | INFO | 📡 Insertando: Sensor_Cocina   | Temp: 12.42°C
2026-02-10 02:13:41,762 | INFO | 📡 Insertando: Sensor_Salon    | Temp: 13.04°C
2026-02-10 02:13:41,762 | INFO | 🔋 Insertando: Bateria_General | 92.0%
2026-02-10 02:13:41,762 | INFO | 💧 Insertando: Humedad_Patio   | 75.7%
2026-02-10 02:13:46,766 | INFO | --- ⏱️ Ciclo: 2026-02-10 01:13:46 ---
2026-02-10 02:13:46,766 | INFO | 📡 Insertando: Sensor_Patio    | Temp: 18.65°C
2026-02-10 02:13:46,767 | INFO | 📡 Insertando: Sensor_Cocina   | Temp: 15.34°C
2026-02-10 02:13:46,767 | INFO | 📡 Insertando: Sensor_Salon    | Temp: 10.17°C
2026-02-10 02:13:46,767 | INFO | 🔋 Insertando: Bateria_General | 91.5%
2026-02-10 02:13:46,767 | INFO | 💧 Insertando: Humedad_Patio   | 70.5%
2026-02-10 02:13:51,771 | INFO | --- ⏱️ Ciclo: 2026-02-10 01:13:51 ---
2026-02-10 02:13:51,771 | INFO | 📡 Insertando: Sensor_Patio    | Temp: 17.54°C
2026-02-10 02:13:51,772 | INFO | 📡 Insertando: Sensor_Cocina   | Temp: 12.85°C
2026-02-10 02:13:51,772 | INFO | 📡 Insertando: Sensor_Salon    | Temp: 11.84°C
2026-02-10 02:13:51,772 | INFO | 🔋 Insertando: Bateria_General | 91.0%
2026-02-10 02:13:51,772 | INFO | 💧 Insertando: Humedad_Patio   | 73.9%
2026-02-10 02:13:56,776 | INFO | --- ⏱️ Ciclo: 2026-02-10 01:13:56 ---
2026-02-10 02:13:56,776 | INFO | 📡 Insertando: Sensor_Patio    | Temp: 19.61°C
2026-02-10 02:13:56,777 | INFO | 📡 Insertando: Sensor_Cocina   | Temp: 14.81°C
2026-02-10 02:13:56,778 | INFO | 📡 Insertando: Sensor_Salon    | Temp: 12.23°C
2026-02-10 02:13:56,778 | INFO | 🔋 Insertando: Bateria_General | 90.5%
2026-02-10 02:13:56,778 | INFO | 💧 Insertando: Humedad_Patio   | 69.3%
2026-02-10 02:14:01,782 | INFO | --- ⏱️ Ciclo: 2026-02-10 01:14:01 ---
2026-02-10 02:14:01,782 | INFO | 📡 Insertando: Sensor_Patio    | Temp: 17.56°C
2026-02-10 02:14:01,783 | INFO | 📡 Insertando: Sensor_Cocina   | Temp: 11.33°C
2026-02-10 02:14:01,783 | INFO | 📡 Insertando: Sensor_Salon    | Temp: 15.93°C
2026-02-10 02:14:01,783 | INFO | 🔋 Insertando: Bateria_General | 90.0%
2026-02-10 02:14:01,783 | INFO | 💧 Insertando: Humedad_Patio   | 74.2%
2026-02-10 02:14:06,786 | INFO | --- ⏱️ Ciclo: 2026-02-10 01:14:06 ---
2026-02-10 02:14:06,787 | INFO | 📡 Insertando: Sensor_Patio    | Temp: 16.02°C
2026-02-10 02:14:06,787 | INFO | 📡 Insertando: Sensor_Cocina   | Temp: 14.03°C
2026-02-10 02:14:06,787 | INFO | 📡 Insertando: Sensor_Salon    | Temp: 19.11°C
2026-02-10 02:14:06,787 | INFO | 🔋 Insertando: Bateria_General | 89.5%
2026-02-10 02:14:06,787 | INFO | 💧 Insertando: Humedad_Patio   | 75.8%
2026-02-10 02:14:11,790 | INFO | --- ⏱️ Ciclo: 2026-02-10 01:14:11 ---
2026-02-10 02:14:11,790 | INFO | 📡 Insertando: Sensor_Patio    | Temp: 18.65°C
2026-02-10 02:14:11,791 | INFO | 📡 Insertando: Sensor_Cocina   | Temp: 16.76°C
2026-02-10 02:14:11,791 | INFO | 📡 Insertando: Sensor_Salon    | Temp: 17.48°C
2026-02-10 02:14:11,791 | INFO | 🔋 Insertando: Bateria_General | 89.0%
2026-02-10 02:14:11,791 | INFO | 💧 Insertando: Humedad_Patio   | 73.8%
2026-02-10 02:14:16,799 | INFO | --- ⏱️ Ciclo: 2026-02-10 01:14:16 ---
2026-02-10 02:14:16,799 | INFO | 📡 Insertando: Sensor_Patio    | Temp: 15.87°C
2026-02-10 02:14:16,799 | INFO | 📡 Insertando: Sensor_Cocina   | Temp: 14.41°C
2026-02-10 02:14:16,799 | INFO | 📡 Insertando: Sensor_Salon    | Temp: 17.29°C
2026-02-10 02:14:16,799 | INFO | 🔋 Insertando: Bateria_General | 88.5%
2026-02-10 02:14:16,799 | INFO | 💧 Insertando: Humedad_Patio   | 76.2%
2026-02-10 02:14:21,803 | INFO | --- ⏱️ Ciclo: 2026-02-10 01:14:21 ---
2026-02-10 02:14:21,803 | INFO | 📡 Insertando: Sensor_Patio    | Temp: 18.59°C
2026-02-10 02:14:21,803 | INFO | 📡 Insertando: Sensor_Cocina   | Temp: 11.47°C
2026-02-10 02:14:21,803 | INFO | 📡 Insertando: Sensor_Salon    | Temp: 19.94°C
2026-02-10 02:14:21,803 | INFO | 🔋 Insertando: Bateria_General | 88.0%
2026-02-10 02:14:21,803 | INFO | 💧 Insertando: Humedad_Patio   | 72.7%
2026-02-10 02:14:26,806 | INFO | --- ⏱️ Ciclo: 2026-02-10 01:14:26 ---
2026-02-10 02:14:26,807 | INFO | 📡 Insertando: Sensor_Patio    | Temp: 15.72°C
2026-02-10 02:14:26,807 | INFO | 📡 Insertando: Sensor_Cocina   | Temp: 12.67°C
2026-02-10 02:14:26,807 | INFO | 📡 Insertando: Sensor_Salon    | Temp: 16.96°C
2026-02-10 02:14:26,807 | INFO | 🔋 Insertando: Bateria_General | 87.5%
2026-02-10 02:14:26,807 | INFO | 💧 Insertando: Humedad_Patio   | 77.8%
2026-02-10 02:14:31,811 | INFO | --- ⏱️ Ciclo: 2026-02-10 01:14:31 ---
2026-02-10 02:14:31,811 | INFO | 📡 Insertando: Sensor_Patio    | Temp: 18.08°C
2026-02-10 02:14:31,811 | INFO | 📡 Insertando: Sensor_Cocina   | Temp: 15.18°C
2026-02-10 02:14:31,812 | INFO | 📡 Insertando: Sensor_Salon    | Temp: 19.60°C
2026-02-10 02:14:31,812 | INFO | 🔋 Insertando: Bateria_General | 87.0%
2026-02-10 02:14:31,812 | INFO | 💧 Insertando: Humedad_Patio   | 70.9%
2026-02-10 02:14:36,816 | INFO | --- ⏱️ Ciclo: 2026-02-10 01:14:36 ---
2026-02-10 02:14:36,816 | INFO | 📡 Insertando: Sensor_Patio    | Temp: 17.48°C
2026-02-10 02:14:36,817 | INFO | 📡 Insertando: Sensor_Cocina   | Temp: 17.99°C
2026-02-10 02:14:36,817 | INFO | 📡 Insertando: Sensor_Salon    | Temp: 16.32°C
2026-02-10 02:14:36,817 | INFO | 🔋 Insertando: Bateria_General | 86.5%
2026-02-10 02:14:36,817 | INFO | 💧 Insertando: Humedad_Patio   | 72.2%
2026-02-10 02:14:41,821 | INFO | --- ⏱️ Ciclo: 2026-02-10 01:14:41 ---
2026-02-10 02:14:41,821 | INFO | 📡 Insertando: Sensor_Patio    | Temp: 19.92°C
2026-02-10 02:14:41,822 | INFO | 📡 Insertando: Sensor_Cocina   | Temp: 15.13°C
2026-02-10 02:14:41,823 | INFO | 📡 Insertando: Sensor_Salon    | Temp: 13.15°C
2026-02-10 02:14:41,823 | INFO | 🔋 Insertando: Bateria_General | 86.0%
2026-02-10 02:14:41,823 | INFO | 💧 Insertando: Humedad_Patio   | 68.7%
2026-02-10 02:14:46,831 | INFO | --- ⏱️ Ciclo: 2026-02-10 01:14:46 ---
2026-02-10 02:14:46,831 | INFO | 📡 Insertando: Sensor_Patio    | Temp: 17.18°C
2026-02-10 02:14:46,832 | INFO | 📡 Insertando: Sensor_Cocina   | Temp: 13.11°C
2026-02-10 02:14:46,832 | INFO | 📡 Insertando: Sensor_Salon    | Temp: 16.05°C
2026-02-10 02:14:46,832 | INFO | 🔋 Insertando: Bateria_General | 85.5%
2026-02-10 02:14:46,833 | INFO | 💧 Insertando: Humedad_Patio   | 74.6%
2026-02-10 02:14:51,836 | INFO | --- ⏱️ Ciclo: 2026-02-10 01:14:51 ---
2026-02-10 02:14:51,837 | INFO | 📡 Insertando: Sensor_Patio    | Temp: 14.25°C
2026-02-10 02:14:51,837 | INFO | 📡 Insertando: Sensor_Cocina   | Temp: 15.51°C
2026-02-10 02:14:51,837 | INFO | 📡 Insertando: Sensor_Salon    | Temp: 18.52°C
2026-02-10 02:14:51,837 | INFO | 🔋 Insertando: Bateria_General | 85.0%
2026-02-10 02:14:51,837 | INFO | 💧 Insertando: Humedad_Patio   | 80.4%
2026-02-10 02:14:56,841 | INFO | --- ⏱️ Ciclo: 2026-02-10 01:14:56 ---
2026-02-10 02:14:56,841 | INFO | 📡 Insertando: Sensor_Patio    | Temp: 12.08°C
2026-02-10 02:14:56,842 | INFO | 📡 Insertando: Sensor_Cocina   | Temp: 18.05°C
2026-02-10 02:14:56,842 | INFO | 📡 Insertando: Sensor_Salon    | Temp: 16.92°C
2026-02-10 02:14:56,843 | INFO | 🔋 Insertando: Bateria_General | 84.5%
2026-02-10 02:14:56,843 | INFO | 💧 Insertando: Humedad_Patio   | 82.7%
2026-02-10 02:15:01,847 | INFO | --- ⏱️ Ciclo: 2026-02-10 01:15:01 ---
2026-02-10 02:15:01,847 | INFO | 📡 Insertando: Sensor_Patio    | Temp: 14.92°C
2026-02-10 02:15:01,848 | INFO | 📡 Insertando: Sensor_Cocina   | Temp: 19.95°C
2026-02-10 02:15:01,848 | INFO | 📡 Insertando: Sensor_Salon    | Temp: 19.55°C
2026-02-10 02:15:01,848 | INFO | 🔋 Insertando: Bateria_General | 84.0%
2026-02-10 02:15:01,848 | INFO | 💧 Insertando: Humedad_Patio   | 76.9%
2026-02-10 02:15:06,852 | INFO | --- ⏱️ Ciclo: 2026-02-10 01:15:06 ---
2026-02-10 02:15:06,852 | INFO | 📡 Insertando: Sensor_Patio    | Temp: 12.34°C
2026-02-10 02:15:06,853 | INFO | 📡 Insertando: Sensor_Cocina   | Temp: 17.71°C
2026-02-10 02:15:06,854 | INFO | 📡 Insertando: Sensor_Salon    | Temp: 17.16°C
2026-02-10 02:15:06,854 | INFO | 🔋 Insertando: Bateria_General | 83.5%
2026-02-10 02:15:06,854 | INFO | 💧 Insertando: Humedad_Patio   | 80.9%
2026-02-10 02:15:11,858 | INFO | --- ⏱️ Ciclo: 2026-02-10 01:15:11 ---
2026-02-10 02:15:11,858 | INFO | 📡 Insertando: Sensor_Patio    | Temp: 12.74°C
2026-02-10 02:15:11,859 | INFO | 📡 Insertando: Sensor_Cocina   | Temp: 14.80°C
2026-02-10 02:15:11,859 | INFO | 📡 Insertando: Sensor_Salon    | Temp: 14.55°C
2026-02-10 02:15:11,859 | INFO | 🔋 Insertando: Bateria_General | 83.0%
2026-02-10 02:15:11,859 | INFO | 💧 Insertando: Humedad_Patio   | 80.8%
2026-02-10 02:15:16,863 | INFO | --- ⏱️ Ciclo: 2026-02-10 01:15:16 ---
2026-02-10 02:15:16,863 | INFO | 📡 Insertando: Sensor_Patio    | Temp: 10.15°C
2026-02-10 02:15:16,864 | INFO | 📡 Insertando: Sensor_Cocina   | Temp: 12.44°C
2026-02-10 02:15:16,864 | INFO | 📡 Insertando: Sensor_Salon    | Temp: 11.85°C
2026-02-10 02:15:16,864 | INFO | 🔋 Insertando: Bateria_General | 82.5%
2026-02-10 02:15:16,865 | INFO | 💧 Insertando: Humedad_Patio   | 83.3%
2026-02-10 02:15:21,868 | INFO | --- ⏱️ Ciclo: 2026-02-10 01:15:21 ---
2026-02-10 02:15:21,870 | INFO | 📡 Insertando: Sensor_Patio    | Temp: 12.06°C
2026-02-10 02:15:21,871 | INFO | 📡 Insertando: Sensor_Cocina   | Temp: 14.91°C
2026-02-10 02:15:21,871 | INFO | 📡 Insertando: Sensor_Salon    | Temp: 15.26°C
2026-02-10 02:15:21,871 | INFO | 🔋 Insertando: Bateria_General | 82.0%
2026-02-10 02:15:21,871 | INFO | 💧 Insertando: Humedad_Patio   | 81.3%
2026-02-10 02:15:26,873 | INFO | --- ⏱️ Ciclo: 2026-02-10 01:15:26 ---
2026-02-10 02:15:26,874 | INFO | 📡 Insertando: Sensor_Patio    | Temp: 14.52°C
2026-02-10 02:15:26,874 | INFO | 📡 Insertando: Sensor_Cocina   | Temp: 17.77°C
2026-02-10 02:15:26,875 | INFO | 📡 Insertando: Sensor_Salon    | Temp: 12.65°C
2026-02-10 02:15:26,875 | INFO | 🔋 Insertando: Bateria_General | 81.5%
2026-02-10 02:15:26,875 | INFO | 💧 Insertando: Humedad_Patio   | 78.9%
2026-02-10 02:15:31,879 | INFO | --- ⏱️ Ciclo: 2026-02-10 01:15:31 ---
2026-02-10 02:15:31,879 | INFO | 📡 Insertando: Sensor_Patio    | Temp: 12.73°C
2026-02-10 02:15:31,880 | INFO | 📡 Insertando: Sensor_Cocina   | Temp: 14.79°C
2026-02-10 02:15:31,880 | INFO | 📡 Insertando: Sensor_Salon    | Temp: 11.42°C
2026-02-10 02:15:31,880 | INFO | 🔋 Insertando: Bateria_General | 81.0%
2026-02-10 02:15:31,880 | INFO | 💧 Insertando: Humedad_Patio   | 79.2%
2026-02-10 02:15:36,884 | INFO | --- ⏱️ Ciclo: 2026-02-10 01:15:36 ---
2026-02-10 02:15:36,885 | INFO | 📡 Insertando: Sensor_Patio    | Temp: 10.41°C
2026-02-10 02:15:36,885 | INFO | 📡 Insertando: Sensor_Cocina   | Temp: 17.15°C
2026-02-10 02:15:36,886 | INFO | 📡 Insertando: Sensor_Salon    | Temp: 14.68°C
2026-02-10 02:15:36,886 | INFO | 🔋 Insertando: Bateria_General | 80.5%
2026-02-10 02:15:36,886 | INFO | 💧 Insertando: Humedad_Patio   | 86.3%
2026-02-10 02:15:41,889 | INFO | --- ⏱️ Ciclo: 2026-02-10 01:15:41 ---
2026-02-10 02:15:41,891 | INFO | 📡 Insertando: Sensor_Patio    | Temp: 13.42°C
2026-02-10 02:15:41,892 | INFO | 📡 Insertando: Sensor_Cocina   | Temp: 19.09°C
2026-02-10 02:15:41,892 | INFO | 📡 Insertando: Sensor_Salon    | Temp: 11.84°C
2026-02-10 02:15:41,892 | INFO | 🔋 Insertando: Bateria_General | 80.0%
2026-02-10 02:15:41,893 | INFO | 💧 Insertando: Humedad_Patio   | 79.6%
2026-02-10 02:15:46,895 | INFO | --- ⏱️ Ciclo: 2026-02-10 01:15:46 ---
2026-02-10 02:15:46,896 | INFO | 📡 Insertando: Sensor_Patio    | Temp: 10.97°C
2026-02-10 02:15:46,896 | INFO | 📡 Insertando: Sensor_Cocina   | Temp: 17.73°C
2026-02-10 02:15:46,897 | INFO | 📡 Insertando: Sensor_Salon    | Temp: 12.68°C
2026-02-10 02:15:46,897 | INFO | 🔋 Insertando: Bateria_General | 79.5%
2026-02-10 02:15:46,897 | INFO | 💧 Insertando: Humedad_Patio   | 85.5%
2026-02-10 02:15:51,901 | INFO | --- ⏱️ Ciclo: 2026-02-10 01:15:51 ---
2026-02-10 02:15:51,901 | INFO | 📡 Insertando: Sensor_Patio    | Temp: 12.64°C
2026-02-10 02:15:51,903 | INFO | 📡 Insertando: Sensor_Cocina   | Temp: 17.37°C
2026-02-10 02:15:51,903 | INFO | 📡 Insertando: Sensor_Salon    | Temp: 14.96°C
2026-02-10 02:15:51,903 | INFO | 🔋 Insertando: Bateria_General | 79.0%
2026-02-10 02:15:51,903 | INFO | 💧 Insertando: Humedad_Patio   | 79.4%
2026-02-10 02:15:56,907 | INFO | --- ⏱️ Ciclo: 2026-02-10 01:15:56 ---
2026-02-10 02:15:56,908 | INFO | 📡 Insertando: Sensor_Patio    | Temp: 12.93°C
2026-02-10 02:15:56,908 | INFO | 📡 Insertando: Sensor_Cocina   | Temp: 19.88°C
2026-02-10 02:15:56,908 | INFO | 📡 Insertando: Sensor_Salon    | Temp: 17.75°C
2026-02-10 02:15:56,908 | INFO | 🔋 Insertando: Bateria_General | 78.5%
2026-02-10 02:15:56,908 | INFO | 💧 Insertando: Humedad_Patio   | 79.4%
2026-02-10 02:16:01,912 | INFO | --- ⏱️ Ciclo: 2026-02-10 01:16:01 ---
2026-02-10 02:16:01,912 | INFO | 📡 Insertando: Sensor_Patio    | Temp: 11.27°C
2026-02-10 02:16:01,912 | INFO | 📡 Insertando: Sensor_Cocina   | Temp: 17.44°C
2026-02-10 02:16:01,913 | INFO | 📡 Insertando: Sensor_Salon    | Temp: 17.73°C
2026-02-10 02:16:01,913 | INFO | 🔋 Insertando: Bateria_General | 78.0%
2026-02-10 02:16:01,913 | INFO | 💧 Insertando: Humedad_Patio   | 82.7%
2026-02-10 02:16:06,922 | INFO | --- ⏱️ Ciclo: 2026-02-10 01:16:06 ---
2026-02-10 02:16:06,922 | INFO | 📡 Insertando: Sensor_Patio    | Temp: 11.45°C
2026-02-10 02:16:06,923 | INFO | 📡 Insertando: Sensor_Cocina   | Temp: 19.81°C
2026-02-10 02:16:06,923 | INFO | 📡 Insertando: Sensor_Salon    | Temp: 17.67°C
2026-02-10 02:16:06,923 | INFO | 🔋 Insertando: Bateria_General | 77.5%
2026-02-10 02:16:06,923 | INFO | 💧 Insertando: Humedad_Patio   | 82.4%
2026-02-10 02:16:11,927 | INFO | --- ⏱️ Ciclo: 2026-02-10 01:16:11 ---
2026-02-10 02:16:11,927 | INFO | 📡 Insertando: Sensor_Patio    | Temp: 12.42°C
2026-02-10 02:16:11,927 | INFO | 📡 Insertando: Sensor_Cocina   | Temp: 17.20°C
2026-02-10 02:16:11,927 | INFO | 📡 Insertando: Sensor_Salon    | Temp: 19.91°C
2026-02-10 02:16:11,928 | INFO | 🔋 Insertando: Bateria_General | 77.0%
2026-02-10 02:16:11,928 | INFO | 💧 Insertando: Humedad_Patio   | 81.2%
2026-02-10 02:16:16,932 | INFO | --- ⏱️ Ciclo: 2026-02-10 01:16:16 ---
2026-02-10 02:16:16,932 | INFO | 📡 Insertando: Sensor_Patio    | Temp: 15.36°C
2026-02-10 02:16:16,934 | INFO | 📡 Insertando: Sensor_Cocina   | Temp: 14.42°C
2026-02-10 02:16:16,934 | INFO | 📡 Insertando: Sensor_Salon    | Temp: 17.11°C
2026-02-10 02:16:16,934 | INFO | 🔋 Insertando: Bateria_General | 76.5%
2026-02-10 02:16:16,934 | INFO | 💧 Insertando: Humedad_Patio   | 77.1%
2026-02-10 02:16:21,938 | INFO | --- ⏱️ Ciclo: 2026-02-10 01:16:21 ---
2026-02-10 02:16:21,938 | INFO | 📡 Insertando: Sensor_Patio    | Temp: 17.51°C
2026-02-10 02:16:21,939 | INFO | 📡 Insertando: Sensor_Cocina   | Temp: 17.55°C
2026-02-10 02:16:21,939 | INFO | 📡 Insertando: Sensor_Salon    | Temp: 18.61°C
2026-02-10 02:16:21,939 | INFO | 🔋 Insertando: Bateria_General | 76.0%
2026-02-10 02:16:21,939 | INFO | 💧 Insertando: Humedad_Patio   | 73.0%
2026-02-10 02:16:26,943 | INFO | --- ⏱️ Ciclo: 2026-02-10 01:16:26 ---
2026-02-10 02:16:26,943 | INFO | 📡 Insertando: Sensor_Patio    | Temp: 15.01°C
2026-02-10 02:16:26,944 | INFO | 📡 Insertando: Sensor_Cocina   | Temp: 15.34°C
2026-02-10 02:16:26,944 | INFO | 📡 Insertando: Sensor_Salon    | Temp: 17.73°C
2026-02-10 02:16:26,945 | INFO | 🔋 Insertando: Bateria_General | 75.5%
2026-02-10 02:16:26,945 | INFO | 💧 Insertando: Humedad_Patio   | 76.9%
2026-02-10 02:16:31,949 | INFO | --- ⏱️ Ciclo: 2026-02-10 01:16:31 ---
2026-02-10 02:16:31,949 | INFO | 📡 Insertando: Sensor_Patio    | Temp: 16.78°C
2026-02-10 02:16:31,950 | INFO | 📡 Insertando: Sensor_Cocina   | Temp: 17.03°C
2026-02-10 02:16:31,950 | INFO | 📡 Insertando: Sensor_Salon    | Temp: 15.70°C
2026-02-10 02:16:31,950 | INFO | 🔋 Insertando: Bateria_General | 75.0%
2026-02-10 02:16:31,950 | INFO | 💧 Insertando: Humedad_Patio   | 75.4%
2026-02-10 02:16:36,954 | INFO | --- ⏱️ Ciclo: 2026-02-10 01:16:36 ---
2026-02-10 02:16:36,954 | INFO | 📡 Insertando: Sensor_Patio    | Temp: 19.35°C
2026-02-10 02:16:36,955 | INFO | 📡 Insertando: Sensor_Cocina   | Temp: 19.46°C
2026-02-10 02:16:36,955 | INFO | 📡 Insertando: Sensor_Salon    | Temp: 12.46°C
2026-02-10 02:16:36,956 | INFO | 🔋 Insertando: Bateria_General | 74.5%
2026-02-10 02:16:36,956 | INFO | 💧 Insertando: Humedad_Patio   | 71.6%
2026-02-10 02:16:41,958 | INFO | --- ⏱️ Ciclo: 2026-02-10 01:16:41 ---
2026-02-10 02:16:41,960 | INFO | 📡 Insertando: Sensor_Patio    | Temp: 17.74°C
2026-02-10 02:16:41,961 | INFO | 📡 Insertando: Sensor_Cocina   | Temp: 17.77°C
2026-02-10 02:16:41,962 | INFO | 📡 Insertando: Sensor_Salon    | Temp: 15.02°C
2026-02-10 02:16:41,962 | INFO | 🔋 Insertando: Bateria_General | 74.0%
2026-02-10 02:16:41,962 | INFO | 💧 Insertando: Humedad_Patio   | 73.8%
2026-02-10 02:16:46,965 | INFO | --- ⏱️ Ciclo: 2026-02-10 01:16:46 ---
2026-02-10 02:16:46,965 | INFO | 📡 Insertando: Sensor_Patio    | Temp: 16.80°C
2026-02-10 02:16:46,966 | INFO | 📡 Insertando: Sensor_Cocina   | Temp: 17.72°C
2026-02-10 02:16:46,966 | INFO | 📡 Insertando: Sensor_Salon    | Temp: 17.46°C
2026-02-10 02:16:46,966 | INFO | 🔋 Insertando: Bateria_General | 73.5%
2026-02-10 02:16:46,967 | INFO | 💧 Insertando: Humedad_Patio   | 73.2%
2026-02-10 02:16:51,971 | INFO | --- ⏱️ Ciclo: 2026-02-10 01:16:51 ---
2026-02-10 02:16:51,971 | INFO | 📡 Insertando: Sensor_Patio    | Temp: 14.10°C
2026-02-10 02:16:51,978 | INFO | 📡 Insertando: Sensor_Cocina   | Temp: 17.29°C
2026-02-10 02:16:51,978 | INFO | 📡 Insertando: Sensor_Salon    | Temp: 19.62°C
2026-02-10 02:16:51,978 | INFO | 🔋 Insertando: Bateria_General | 73.0%
2026-02-10 02:16:51,978 | INFO | 💧 Insertando: Humedad_Patio   | 80.1%
2026-02-10 02:16:56,981 | INFO | --- ⏱️ Ciclo: 2026-02-10 01:16:56 ---
2026-02-10 02:16:56,981 | INFO | 📡 Insertando: Sensor_Patio    | Temp: 16.45°C
2026-02-10 02:16:56,982 | INFO | 📡 Insertando: Sensor_Cocina   | Temp: 15.32°C
2026-02-10 02:16:56,982 | INFO | 📡 Insertando: Sensor_Salon    | Temp: 16.17°C
2026-02-10 02:16:56,982 | INFO | 🔋 Insertando: Bateria_General | 72.5%
2026-02-10 02:16:56,982 | INFO | 💧 Insertando: Humedad_Patio   | 76.0%
2026-02-10 02:17:01,987 | INFO | --- ⏱️ Ciclo: 2026-02-10 01:17:01 ---
2026-02-10 02:17:01,987 | INFO | 📡 Insertando: Sensor_Patio    | Temp: 19.99°C
2026-02-10 02:17:01,987 | INFO | 📡 Insertando: Sensor_Cocina   | Temp: 17.55°C
2026-02-10 02:17:01,988 | INFO | 📡 Insertando: Sensor_Salon    | Temp: 18.43°C
2026-02-10 02:17:01,988 | INFO | 🔋 Insertando: Bateria_General | 72.0%
2026-02-10 02:17:01,988 | INFO | 💧 Insertando: Humedad_Patio   | 71.4%
2026-02-10 02:17:06,991 | INFO | --- ⏱️ Ciclo: 2026-02-10 01:17:06 ---
2026-02-10 02:17:06,992 | INFO | 📡 Insertando: Sensor_Patio    | Temp: 17.43°C
2026-02-10 02:17:06,992 | INFO | 📡 Insertando: Sensor_Cocina   | Temp: 14.32°C
2026-02-10 02:17:06,992 | INFO | 📡 Insertando: Sensor_Salon    | Temp: 18.21°C
2026-02-10 02:17:06,992 | INFO | 🔋 Insertando: Bateria_General | 71.5%
2026-02-10 02:17:06,992 | INFO | 💧 Insertando: Humedad_Patio   | 74.8%
2026-02-10 02:17:12,009 | INFO | --- ⏱️ Ciclo: 2026-02-10 01:17:12 ---
2026-02-10 02:17:12,009 | INFO | 📡 Insertando: Sensor_Patio    | Temp: 15.49°C
2026-02-10 02:17:12,010 | INFO | 📡 Insertando: Sensor_Cocina   | Temp: 17.12°C
2026-02-10 02:17:12,011 | INFO | 📡 Insertando: Sensor_Salon    | Temp: 17.73°C
2026-02-10 02:17:12,011 | INFO | 🔋 Insertando: Bateria_General | 71.0%
2026-02-10 02:17:12,011 | INFO | 💧 Insertando: Humedad_Patio   | 76.7%
2026-02-10 02:17:17,015 | INFO | --- ⏱️ Ciclo: 2026-02-10 01:17:17 ---
2026-02-10 02:17:17,016 | INFO | 📡 Insertando: Sensor_Patio    | Temp: 18.13°C
2026-02-10 02:17:17,017 | INFO | 📡 Insertando: Sensor_Cocina   | Temp: 19.77°C
2026-02-10 02:17:17,017 | INFO | 📡 Insertando: Sensor_Salon    | Temp: 14.74°C
2026-02-10 02:17:17,017 | INFO | 🔋 Insertando: Bateria_General | 70.5%
2026-02-10 02:17:17,017 | INFO | 💧 Insertando: Humedad_Patio   | 71.3%
2026-02-10 02:17:22,021 | INFO | --- ⏱️ Ciclo: 2026-02-10 01:17:22 ---
2026-02-10 02:17:22,022 | INFO | 📡 Insertando: Sensor_Patio    | Temp: 15.05°C
2026-02-10 02:17:22,029 | INFO | 📡 Insertando: Sensor_Cocina   | Temp: 17.68°C
2026-02-10 02:17:22,029 | INFO | 📡 Insertando: Sensor_Salon    | Temp: 17.20°C
2026-02-10 02:17:22,029 | INFO | 🔋 Insertando: Bateria_General | 70.0%
2026-02-10 02:17:22,029 | INFO | 💧 Insertando: Humedad_Patio   | 78.2%
2026-02-10 02:17:27,031 | INFO | --- ⏱️ Ciclo: 2026-02-10 01:17:27 ---
2026-02-10 02:17:27,031 | INFO | 📡 Insertando: Sensor_Patio    | Temp: 12.65°C
2026-02-10 02:17:27,032 | INFO | 📡 Insertando: Sensor_Cocina   | Temp: 19.82°C
2026-02-10 02:17:27,032 | INFO | 📡 Insertando: Sensor_Salon    | Temp: 19.05°C
2026-02-10 02:17:27,032 | INFO | 🔋 Insertando: Bateria_General | 69.5%
2026-02-10 02:17:27,032 | INFO | 💧 Insertando: Humedad_Patio   | 82.9%
2026-02-10 02:17:32,036 | INFO | --- ⏱️ Ciclo: 2026-02-10 01:17:32 ---
2026-02-10 02:17:32,036 | INFO | 📡 Insertando: Sensor_Patio    | Temp: 14.79°C
2026-02-10 02:17:32,037 | INFO | 📡 Insertando: Sensor_Cocina   | Temp: 17.07°C
2026-02-10 02:17:32,037 | INFO | 📡 Insertando: Sensor_Salon    | Temp: 16.05°C
2026-02-10 02:17:32,038 | INFO | 🔋 Insertando: Bateria_General | 69.0%
2026-02-10 02:17:32,038 | INFO | 💧 Insertando: Humedad_Patio   | 78.1%
2026-02-10 02:17:37,042 | INFO | --- ⏱️ Ciclo: 2026-02-10 01:17:37 ---
2026-02-10 02:17:37,043 | INFO | 📡 Insertando: Sensor_Patio    | Temp: 16.62°C
2026-02-10 02:17:37,044 | INFO | 📡 Insertando: Sensor_Cocina   | Temp: 14.30°C
2026-02-10 02:17:37,044 | INFO | 📡 Insertando: Sensor_Salon    | Temp: 18.49°C
2026-02-10 02:17:37,044 | INFO | 🔋 Insertando: Bateria_General | 68.5%
2026-02-10 02:17:37,044 | INFO | 💧 Insertando: Humedad_Patio   | 74.5%
2026-02-10 02:17:42,048 | INFO | --- ⏱️ Ciclo: 2026-02-10 01:17:42 ---
2026-02-10 02:17:42,048 | INFO | 📡 Insertando: Sensor_Patio    | Temp: 19.24°C
2026-02-10 02:17:42,049 | INFO | 📡 Insertando: Sensor_Cocina   | Temp: 17.52°C
2026-02-10 02:17:42,050 | INFO | 📡 Insertando: Sensor_Salon    | Temp: 15.55°C
2026-02-10 02:17:42,050 | INFO | 🔋 Insertando: Bateria_General | 68.0%
2026-02-10 02:17:42,050 | INFO | 💧 Insertando: Humedad_Patio   | 69.7%
2026-02-10 02:17:47,058 | INFO | --- ⏱️ Ciclo: 2026-02-10 01:17:47 ---
2026-02-10 02:17:47,058 | INFO | 📡 Insertando: Sensor_Patio    | Temp: 16.96°C
2026-02-10 02:17:47,058 | INFO | 📡 Insertando: Sensor_Cocina   | Temp: 17.02°C
2026-02-10 02:17:47,059 | INFO | 📡 Insertando: Sensor_Salon    | Temp: 12.80°C
2026-02-10 02:17:47,059 | INFO | 🔋 Insertando: Bateria_General | 67.5%
2026-02-10 02:17:47,059 | INFO | 💧 Insertando: Humedad_Patio   | 76.2%
2026-02-10 02:17:52,063 | INFO | --- ⏱️ Ciclo: 2026-02-10 01:17:52 ---
2026-02-10 02:17:52,063 | INFO | 📡 Insertando: Sensor_Patio    | Temp: 13.29°C
2026-02-10 02:17:52,064 | INFO | 📡 Insertando: Sensor_Cocina   | Temp: 19.21°C
2026-02-10 02:17:52,064 | INFO | 📡 Insertando: Sensor_Salon    | Temp: 10.04°C
2026-02-10 02:17:52,064 | INFO | 🔋 Insertando: Bateria_General | 67.0%
2026-02-10 02:17:52,064 | INFO | 💧 Insertando: Humedad_Patio   | 78.9%
2026-02-10 02:17:57,068 | INFO | --- ⏱️ Ciclo: 2026-02-10 01:17:57 ---
2026-02-10 02:17:57,068 | INFO | 📡 Insertando: Sensor_Patio    | Temp: 15.79°C
2026-02-10 02:17:57,070 | INFO | 📡 Insertando: Sensor_Cocina   | Temp: 17.83°C
2026-02-10 02:17:57,070 | INFO | 📡 Insertando: Sensor_Salon    | Temp: 11.95°C
2026-02-10 02:17:57,070 | INFO | 🔋 Insertando: Bateria_General | 66.5%
2026-02-10 02:17:57,070 | INFO | 💧 Insertando: Humedad_Patio   | 75.6%
2026-02-10 02:18:02,074 | INFO | --- ⏱️ Ciclo: 2026-02-10 01:18:02 ---
2026-02-10 02:18:02,075 | INFO | 📡 Insertando: Sensor_Patio    | Temp: 13.54°C
2026-02-10 02:18:02,075 | INFO | 📡 Insertando: Sensor_Cocina   | Temp: 15.70°C
2026-02-10 02:18:02,075 | INFO | 📡 Insertando: Sensor_Salon    | Temp: 13.02°C
2026-02-10 02:18:02,076 | INFO | 🔋 Insertando: Bateria_General | 66.0%
2026-02-10 02:18:02,076 | INFO | 💧 Insertando: Humedad_Patio   | 81.6%
2026-02-10 02:18:07,079 | INFO | --- ⏱️ Ciclo: 2026-02-10 01:18:07 ---
2026-02-10 02:18:07,080 | INFO | 📡 Insertando: Sensor_Patio    | Temp: 16.31°C
2026-02-10 02:18:07,080 | INFO | 📡 Insertando: Sensor_Cocina   | Temp: 17.90°C
2026-02-10 02:18:07,080 | INFO | 📡 Insertando: Sensor_Salon    | Temp: 15.14°C
2026-02-10 02:18:07,080 | INFO | 🔋 Insertando: Bateria_General | 65.5%
2026-02-10 02:18:07,080 | INFO | 💧 Insertando: Humedad_Patio   | 76.8%
2026-02-10 02:18:12,084 | INFO | --- ⏱️ Ciclo: 2026-02-10 01:18:12 ---
2026-02-10 02:18:12,084 | INFO | 📡 Insertando: Sensor_Patio    | Temp: 18.65°C
2026-02-10 02:18:12,085 | INFO | 📡 Insertando: Sensor_Cocina   | Temp: 17.12°C
2026-02-10 02:18:12,086 | INFO | 📡 Insertando: Sensor_Salon    | Temp: 17.06°C
2026-02-10 02:18:12,086 | INFO | 🔋 Insertando: Bateria_General | 65.0%
2026-02-10 02:18:12,086 | INFO | 💧 Insertando: Humedad_Patio   | 71.4%
2026-02-10 02:18:17,091 | INFO | --- ⏱️ Ciclo: 2026-02-10 01:18:17 ---
2026-02-10 02:18:17,091 | INFO | 📡 Insertando: Sensor_Patio    | Temp: 15.99°C
2026-02-10 02:18:17,092 | INFO | 📡 Insertando: Sensor_Cocina   | Temp: 15.24°C
2026-02-10 02:18:17,092 | INFO | 📡 Insertando: Sensor_Salon    | Temp: 13.52°C
2026-02-10 02:18:17,092 | INFO | 🔋 Insertando: Bateria_General | 64.5%
2026-02-10 02:18:17,092 | INFO | 💧 Insertando: Humedad_Patio   | 77.2%
2026-02-10 02:18:22,096 | INFO | --- ⏱️ Ciclo: 2026-02-10 01:18:22 ---
2026-02-10 02:18:22,096 | INFO | 📡 Insertando: Sensor_Patio    | Temp: 13.32°C
2026-02-10 02:18:22,097 | INFO | 📡 Insertando: Sensor_Cocina   | Temp: 18.37°C
2026-02-10 02:18:22,097 | INFO | 📡 Insertando: Sensor_Salon    | Temp: 15.46°C
2026-02-10 02:18:22,097 | INFO | 🔋 Insertando: Bateria_General | 64.0%
2026-02-10 02:18:22,097 | INFO | 💧 Insertando: Humedad_Patio   | 80.9%
2026-02-10 02:18:27,101 | INFO | --- ⏱️ Ciclo: 2026-02-10 01:18:27 ---
2026-02-10 02:18:27,101 | INFO | 📡 Insertando: Sensor_Patio    | Temp: 15.51°C
2026-02-10 02:18:27,101 | INFO | 📡 Insertando: Sensor_Cocina   | Temp: 15.78°C
2026-02-10 02:18:27,101 | INFO | 📡 Insertando: Sensor_Salon    | Temp: 12.41°C
2026-02-10 02:18:27,101 | INFO | 🔋 Insertando: Bateria_General | 63.5%
2026-02-10 02:18:27,101 | INFO | 💧 Insertando: Humedad_Patio   | 77.8%
2026-02-10 02:18:32,104 | INFO | --- ⏱️ Ciclo: 2026-02-10 01:18:32 ---
2026-02-10 02:18:32,105 | INFO | 📡 Insertando: Sensor_Patio    | Temp: 18.04°C
2026-02-10 02:18:32,105 | INFO | 📡 Insertando: Sensor_Cocina   | Temp: 17.93°C
2026-02-10 02:18:32,105 | INFO | 📡 Insertando: Sensor_Salon    | Temp: 10.26°C
2026-02-10 02:18:32,105 | INFO | 🔋 Insertando: Bateria_General | 63.0%
2026-02-10 02:18:32,105 | INFO | 💧 Insertando: Humedad_Patio   | 74.1%
2026-02-10 02:18:37,109 | INFO | --- ⏱️ Ciclo: 2026-02-10 01:18:37 ---
2026-02-10 02:18:37,109 | INFO | 📡 Insertando: Sensor_Patio    | Temp: 19.86°C
2026-02-10 02:18:37,110 | INFO | 📡 Insertando: Sensor_Cocina   | Temp: 14.99°C
2026-02-10 02:18:37,110 | INFO | 📡 Insertando: Sensor_Salon    | Temp: 13.29°C
2026-02-10 02:18:37,110 | INFO | 🔋 Insertando: Bateria_General | 62.5%
2026-02-10 02:18:37,111 | INFO | 💧 Insertando: Humedad_Patio   | 71.2%
2026-02-10 02:18:42,115 | INFO | --- ⏱️ Ciclo: 2026-02-10 01:18:42 ---
2026-02-10 02:18:42,115 | INFO | 📡 Insertando: Sensor_Patio    | Temp: 17.72°C
2026-02-10 02:18:42,116 | INFO | 📡 Insertando: Sensor_Cocina   | Temp: 12.28°C
2026-02-10 02:18:42,116 | INFO | 📡 Insertando: Sensor_Salon    | Temp: 10.46°C
2026-02-10 02:18:42,116 | INFO | 🔋 Insertando: Bateria_General | 62.0%
2026-02-10 02:18:42,116 | INFO | 💧 Insertando: Humedad_Patio   | 72.3%
2026-02-10 02:18:47,120 | INFO | --- ⏱️ Ciclo: 2026-02-10 01:18:47 ---
2026-02-10 02:18:47,120 | INFO | 📡 Insertando: Sensor_Patio    | Temp: 14.86°C
2026-02-10 02:18:47,121 | INFO | 📡 Insertando: Sensor_Cocina   | Temp: 13.16°C
2026-02-10 02:18:47,121 | INFO | 📡 Insertando: Sensor_Salon    | Temp: 12.52°C
2026-02-10 02:18:47,121 | INFO | 🔋 Insertando: Bateria_General | 61.5%
2026-02-10 02:18:47,121 | INFO | 💧 Insertando: Humedad_Patio   | 77.2%
2026-02-10 02:18:52,125 | INFO | --- ⏱️ Ciclo: 2026-02-10 01:18:52 ---
2026-02-10 02:18:52,125 | INFO | 📡 Insertando: Sensor_Patio    | Temp: 12.00°C
2026-02-10 02:18:52,126 | INFO | 📡 Insertando: Sensor_Cocina   | Temp: 16.29°C
2026-02-10 02:18:52,126 | INFO | 📡 Insertando: Sensor_Salon    | Temp: 14.34°C
2026-02-10 02:18:52,126 | INFO | 🔋 Insertando: Bateria_General | 61.0%
2026-02-10 02:18:52,126 | INFO | 💧 Insertando: Humedad_Patio   | 82.3%
2026-02-10 02:18:57,131 | INFO | --- ⏱️ Ciclo: 2026-02-10 01:18:57 ---
2026-02-10 02:18:57,131 | INFO | 📡 Insertando: Sensor_Patio    | Temp: 12.11°C
2026-02-10 02:18:57,132 | INFO | 📡 Insertando: Sensor_Cocina   | Temp: 13.47°C
2026-02-10 02:18:57,132 | INFO | 📡 Insertando: Sensor_Salon    | Temp: 11.27°C
2026-02-10 02:18:57,132 | INFO | 🔋 Insertando: Bateria_General | 60.5%
2026-02-10 02:18:57,132 | INFO | 💧 Insertando: Humedad_Patio   | 83.3%
2026-02-10 02:19:02,136 | INFO | --- ⏱️ Ciclo: 2026-02-10 01:19:02 ---
2026-02-10 02:19:02,137 | INFO | 📡 Insertando: Sensor_Patio    | Temp: 12.20°C
2026-02-10 02:19:02,138 | INFO | 📡 Insertando: Sensor_Cocina   | Temp: 16.31°C
2026-02-10 02:19:02,138 | INFO | 📡 Insertando: Sensor_Salon    | Temp: 14.33°C
2026-02-10 02:19:02,138 | INFO | 🔋 Insertando: Bateria_General | 60.0%
2026-02-10 02:19:02,138 | INFO | 💧 Insertando: Humedad_Patio   | 80.3%
2026-02-10 02:19:07,142 | INFO | --- ⏱️ Ciclo: 2026-02-10 01:19:07 ---
2026-02-10 02:19:07,142 | INFO | 📡 Insertando: Sensor_Patio    | Temp: 12.76°C
2026-02-10 02:19:07,143 | INFO | 📡 Insertando: Sensor_Cocina   | Temp: 14.03°C
2026-02-10 02:19:07,143 | INFO | 📡 Insertando: Sensor_Salon    | Temp: 16.35°C
2026-02-10 02:19:07,143 | INFO | 🔋 Insertando: Bateria_General | 59.5%
2026-02-10 02:19:07,143 | INFO | 💧 Insertando: Humedad_Patio   | 82.7%
2026-02-10 02:19:12,147 | INFO | --- ⏱️ Ciclo: 2026-02-10 01:19:12 ---
2026-02-10 02:19:12,148 | INFO | 📡 Insertando: Sensor_Patio    | Temp: 15.32°C
2026-02-10 02:19:12,150 | INFO | 📡 Insertando: Sensor_Cocina   | Temp: 10.87°C
2026-02-10 02:19:12,151 | INFO | 📡 Insertando: Sensor_Salon    | Temp: 18.50°C
2026-02-10 02:19:12,151 | INFO | 🔋 Insertando: Bateria_General | 59.0%
2026-02-10 02:19:12,151 | INFO | 💧 Insertando: Humedad_Patio   | 77.3%
2026-02-10 02:19:17,153 | INFO | --- ⏱️ Ciclo: 2026-02-10 01:19:17 ---
2026-02-10 02:19:17,153 | INFO | 📡 Insertando: Sensor_Patio    | Temp: 17.96°C
2026-02-10 02:19:17,153 | INFO | 📡 Insertando: Sensor_Cocina   | Temp: 12.72°C
2026-02-10 02:19:17,153 | INFO | 📡 Insertando: Sensor_Salon    | Temp: 16.77°C
2026-02-10 02:19:17,153 | INFO | 🔋 Insertando: Bateria_General | 58.5%
2026-02-10 02:19:17,153 | INFO | 💧 Insertando: Humedad_Patio   | 72.8%
2026-02-10 02:19:22,156 | INFO | --- ⏱️ Ciclo: 2026-02-10 01:19:22 ---
2026-02-10 02:19:22,157 | INFO | 📡 Insertando: Sensor_Patio    | Temp: 15.25°C
2026-02-10 02:19:22,159 | INFO | 📡 Insertando: Sensor_Cocina   | Temp: 15.33°C
2026-02-10 02:19:22,160 | INFO | 📡 Insertando: Sensor_Salon    | Temp: 13.82°C
2026-02-10 02:19:22,160 | INFO | 🔋 Insertando: Bateria_General | 58.0%
2026-02-10 02:19:22,160 | INFO | 💧 Insertando: Humedad_Patio   | 78.5%
2026-02-10 02:19:27,162 | INFO | --- ⏱️ Ciclo: 2026-02-10 01:19:27 ---
2026-02-10 02:19:27,162 | INFO | 📡 Insertando: Sensor_Patio    | Temp: 12.68°C
2026-02-10 02:19:27,163 | INFO | 📡 Insertando: Sensor_Cocina   | Temp: 18.06°C
2026-02-10 02:19:27,163 | INFO | 📡 Insertando: Sensor_Salon    | Temp: 16.49°C
2026-02-10 02:19:27,163 | INFO | 🔋 Insertando: Bateria_General | 57.5%
2026-02-10 02:19:27,163 | INFO | 💧 Insertando: Humedad_Patio   | 82.1%
2026-02-10 02:19:32,167 | INFO | --- ⏱️ Ciclo: 2026-02-10 01:19:32 ---
2026-02-10 02:19:32,168 | INFO | 📡 Insertando: Sensor_Patio    | Temp: 15.34°C
2026-02-10 02:19:32,168 | INFO | 📡 Insertando: Sensor_Cocina   | Temp: 17.54°C
2026-02-10 02:19:32,169 | INFO | 📡 Insertando: Sensor_Salon    | Temp: 13.47°C
2026-02-10 02:19:32,169 | INFO | 🔋 Insertando: Bateria_General | 57.0%
2026-02-10 02:19:32,169 | INFO | 💧 Insertando: Humedad_Patio   | 78.7%
2026-02-10 02:19:37,173 | INFO | --- ⏱️ Ciclo: 2026-02-10 01:19:37 ---
2026-02-10 02:19:37,174 | INFO | 📡 Insertando: Sensor_Patio    | Temp: 16.78°C
2026-02-10 02:19:37,175 | INFO | 📡 Insertando: Sensor_Cocina   | Temp: 15.39°C
2026-02-10 02:19:37,175 | INFO | 📡 Insertando: Sensor_Salon    | Temp: 10.72°C
2026-02-10 02:19:37,176 | INFO | 🔋 Insertando: Bateria_General | 56.5%
2026-02-10 02:19:37,176 | INFO | 💧 Insertando: Humedad_Patio   | 74.6%
2026-02-10 02:19:42,179 | INFO | --- ⏱️ Ciclo: 2026-02-10 01:19:42 ---
2026-02-10 02:19:42,179 | INFO | 📡 Insertando: Sensor_Patio    | Temp: 19.31°C
2026-02-10 02:19:42,180 | INFO | 📡 Insertando: Sensor_Cocina   | Temp: 12.38°C
2026-02-10 02:19:42,180 | INFO | 📡 Insertando: Sensor_Salon    | Temp: 12.45°C
2026-02-10 02:19:42,180 | INFO | 🔋 Insertando: Bateria_General | 56.0%
2026-02-10 02:19:42,180 | INFO | 💧 Insertando: Humedad_Patio   | 71.7%
2026-02-10 02:19:47,184 | INFO | --- ⏱️ Ciclo: 2026-02-10 01:19:47 ---
2026-02-10 02:19:47,184 | INFO | 📡 Insertando: Sensor_Patio    | Temp: 16.42°C
2026-02-10 02:19:47,185 | INFO | 📡 Insertando: Sensor_Cocina   | Temp: 14.76°C
2026-02-10 02:19:47,185 | INFO | 📡 Insertando: Sensor_Salon    | Temp: 10.08°C
2026-02-10 02:19:47,185 | INFO | 🔋 Insertando: Bateria_General | 55.5%
2026-02-10 02:19:47,185 | INFO | 💧 Insertando: Humedad_Patio   | 74.7%
2026-02-10 02:19:52,189 | INFO | --- ⏱️ Ciclo: 2026-02-10 01:19:52 ---
2026-02-10 02:19:52,189 | INFO | 📡 Insertando: Sensor_Patio    | Temp: 14.89°C
2026-02-10 02:19:52,192 | INFO | 📡 Insertando: Sensor_Cocina   | Temp: 12.51°C
2026-02-10 02:19:52,192 | INFO | 📡 Insertando: Sensor_Salon    | Temp: 11.29°C
2026-02-10 02:19:52,192 | INFO | 🔋 Insertando: Bateria_General | 55.0%
2026-02-10 02:19:52,192 | INFO | 💧 Insertando: Humedad_Patio   | 79.2%
2026-02-10 02:19:57,194 | INFO | --- ⏱️ Ciclo: 2026-02-10 01:19:57 ---
2026-02-10 02:19:57,194 | INFO | 📡 Insertando: Sensor_Patio    | Temp: 12.97°C
2026-02-10 02:19:57,195 | INFO | 📡 Insertando: Sensor_Cocina   | Temp: 10.19°C
2026-02-10 02:19:57,195 | INFO | 📡 Insertando: Sensor_Salon    | Temp: 13.64°C
2026-02-10 02:19:57,195 | INFO | 🔋 Insertando: Bateria_General | 54.5%
2026-02-10 02:19:57,196 | INFO | 💧 Insertando: Humedad_Patio   | 82.1%
2026-02-10 02:20:02,200 | INFO | --- ⏱️ Ciclo: 2026-02-10 01:20:02 ---
2026-02-10 02:20:02,201 | INFO | 📡 Insertando: Sensor_Patio    | Temp: 15.97°C
2026-02-10 02:20:02,202 | INFO | 📡 Insertando: Sensor_Cocina   | Temp: 12.51°C
2026-02-10 02:20:02,202 | INFO | 📡 Insertando: Sensor_Salon    | Temp: 16.10°C
2026-02-10 02:20:02,202 | INFO | 🔋 Insertando: Bateria_General | 54.0%
2026-02-10 02:20:02,202 | INFO | 💧 Insertando: Humedad_Patio   | 75.3%
2026-02-10 02:20:07,206 | INFO | --- ⏱️ Ciclo: 2026-02-10 01:20:07 ---
2026-02-10 02:20:07,206 | INFO | 📡 Insertando: Sensor_Patio    | Temp: 18.64°C
2026-02-10 02:20:07,207 | INFO | 📡 Insertando: Sensor_Cocina   | Temp: 15.18°C
2026-02-10 02:20:07,207 | INFO | 📡 Insertando: Sensor_Salon    | Temp: 12.73°C
2026-02-10 02:20:07,207 | INFO | 🔋 Insertando: Bateria_General | 53.5%
2026-02-10 02:20:07,207 | INFO | 💧 Insertando: Humedad_Patio   | 72.4%
2026-02-10 02:20:12,212 | INFO | --- ⏱️ Ciclo: 2026-02-10 01:20:12 ---
2026-02-10 02:20:12,212 | INFO | 📡 Insertando: Sensor_Patio    | Temp: 15.97°C
2026-02-10 02:20:12,213 | INFO | 📡 Insertando: Sensor_Cocina   | Temp: 18.32°C
2026-02-10 02:20:12,213 | INFO | 📡 Insertando: Sensor_Salon    | Temp: 15.57°C
2026-02-10 02:20:12,213 | INFO | 🔋 Insertando: Bateria_General | 53.0%
2026-02-10 02:20:12,213 | INFO | 💧 Insertando: Humedad_Patio   | 75.7%
2026-02-10 02:20:17,218 | INFO | --- ⏱️ Ciclo: 2026-02-10 01:20:17 ---
2026-02-10 02:20:17,218 | INFO | 📡 Insertando: Sensor_Patio    | Temp: 13.37°C
2026-02-10 02:20:17,219 | INFO | 📡 Insertando: Sensor_Cocina   | Temp: 16.14°C
2026-02-10 02:20:17,219 | INFO | 📡 Insertando: Sensor_Salon    | Temp: 18.35°C
2026-02-10 02:20:17,219 | INFO | 🔋 Insertando: Bateria_General | 52.5%
2026-02-10 02:20:17,219 | INFO | 💧 Insertando: Humedad_Patio   | 78.9%
2026-02-10 02:20:22,223 | INFO | --- ⏱️ Ciclo: 2026-02-10 01:20:22 ---
2026-02-10 02:20:22,224 | INFO | 📡 Insertando: Sensor_Patio    | Temp: 15.98°C
2026-02-10 02:20:22,224 | INFO | 📡 Insertando: Sensor_Cocina   | Temp: 18.60°C
2026-02-10 02:20:22,225 | INFO | 📡 Insertando: Sensor_Salon    | Temp: 15.78°C
2026-02-10 02:20:22,225 | INFO | 🔋 Insertando: Bateria_General | 52.0%
2026-02-10 02:20:22,225 | INFO | 💧 Insertando: Humedad_Patio   | 76.4%
2026-02-10 02:20:27,229 | INFO | --- ⏱️ Ciclo: 2026-02-10 01:20:27 ---
2026-02-10 02:20:27,229 | INFO | 📡 Insertando: Sensor_Patio    | Temp: 18.92°C
2026-02-10 02:20:27,229 | INFO | 📡 Insertando: Sensor_Cocina   | Temp: 17.33°C
2026-02-10 02:20:27,229 | INFO | 📡 Insertando: Sensor_Salon    | Temp: 17.30°C
2026-02-10 02:20:27,229 | INFO | 🔋 Insertando: Bateria_General | 51.5%
2026-02-10 02:20:27,229 | INFO | 💧 Insertando: Humedad_Patio   | 70.3%
2026-02-10 02:20:32,233 | INFO | --- ⏱️ Ciclo: 2026-02-10 01:20:32 ---
2026-02-10 02:20:32,233 | INFO | 📡 Insertando: Sensor_Patio    | Temp: 16.24°C
2026-02-10 02:20:32,233 | INFO | 📡 Insertando: Sensor_Cocina   | Temp: 19.89°C
2026-02-10 02:20:32,233 | INFO | 📡 Insertando: Sensor_Salon    | Temp: 19.93°C
2026-02-10 02:20:32,233 | INFO | 🔋 Insertando: Bateria_General | 51.0%
2026-02-10 02:20:32,233 | INFO | 💧 Insertando: Humedad_Patio   | 75.3%
2026-02-10 02:20:37,236 | INFO | --- ⏱️ Ciclo: 2026-02-10 01:20:37 ---
2026-02-10 02:20:37,236 | INFO | 📡 Insertando: Sensor_Patio    | Temp: 13.22°C
2026-02-10 02:20:37,237 | INFO | 📡 Insertando: Sensor_Cocina   | Temp: 16.85°C
2026-02-10 02:20:37,237 | INFO | 📡 Insertando: Sensor_Salon    | Temp: 17.57°C
2026-02-10 02:20:37,237 | INFO | 🔋 Insertando: Bateria_General | 50.5%
2026-02-10 02:20:37,237 | INFO | 💧 Insertando: Humedad_Patio   | 78.5%
2026-02-10 02:20:42,241 | INFO | --- ⏱️ Ciclo: 2026-02-10 01:20:42 ---
2026-02-10 02:20:42,242 | INFO | 📡 Insertando: Sensor_Patio    | Temp: 10.85°C
2026-02-10 02:20:42,244 | INFO | 📡 Insertando: Sensor_Cocina   | Temp: 19.71°C
2026-02-10 02:20:42,244 | INFO | 📡 Insertando: Sensor_Salon    | Temp: 17.25°C
2026-02-10 02:20:42,244 | INFO | 🔋 Insertando: Bateria_General | 50.0%
2026-02-10 02:20:42,244 | INFO | 💧 Insertando: Humedad_Patio   | 84.8%
2026-02-10 02:20:47,246 | INFO | --- ⏱️ Ciclo: 2026-02-10 01:20:47 ---
2026-02-10 02:20:47,247 | INFO | 📡 Insertando: Sensor_Patio    | Temp: 13.59°C
2026-02-10 02:20:47,248 | INFO | 📡 Insertando: Sensor_Cocina   | Temp: 17.29°C
2026-02-10 02:20:47,248 | INFO | 📡 Insertando: Sensor_Salon    | Temp: 19.90°C
2026-02-10 02:20:47,248 | INFO | 🔋 Insertando: Bateria_General | 49.5%
2026-02-10 02:20:47,248 | INFO | 💧 Insertando: Humedad_Patio   | 81.4%
2026-02-10 02:20:52,252 | INFO | --- ⏱️ Ciclo: 2026-02-10 01:20:52 ---
2026-02-10 02:20:52,252 | INFO | 📡 Insertando: Sensor_Patio    | Temp: 11.71°C
2026-02-10 02:20:52,252 | INFO | 📡 Insertando: Sensor_Cocina   | Temp: 15.04°C
2026-02-10 02:20:52,252 | INFO | 📡 Insertando: Sensor_Salon    | Temp: 17.55°C
2026-02-10 02:20:52,252 | INFO | 🔋 Insertando: Bateria_General | 49.0%
2026-02-10 02:20:52,252 | INFO | 💧 Insertando: Humedad_Patio   | 81.3%
2026-02-10 02:20:57,256 | INFO | --- ⏱️ Ciclo: 2026-02-10 01:20:57 ---
2026-02-10 02:20:57,256 | INFO | 📡 Insertando: Sensor_Patio    | Temp: 12.61°C
2026-02-10 02:20:57,257 | INFO | 📡 Insertando: Sensor_Cocina   | Temp: 12.31°C
2026-02-10 02:20:57,257 | INFO | 📡 Insertando: Sensor_Salon    | Temp: 15.51°C
2026-02-10 02:20:57,257 | INFO | 🔋 Insertando: Bateria_General | 48.5%
2026-02-10 02:20:57,257 | INFO | 💧 Insertando: Humedad_Patio   | 80.7%
2026-02-10 02:21:02,261 | INFO | --- ⏱️ Ciclo: 2026-02-10 01:21:02 ---
2026-02-10 02:21:02,262 | INFO | 📡 Insertando: Sensor_Patio    | Temp: 15.03°C
2026-02-10 02:21:02,263 | INFO | 📡 Insertando: Sensor_Cocina   | Temp: 14.45°C
2026-02-10 02:21:02,263 | INFO | 📡 Insertando: Sensor_Salon    | Temp: 13.56°C
2026-02-10 02:21:02,264 | INFO | 🔋 Insertando: Bateria_General | 48.0%
2026-02-10 02:21:02,264 | INFO | 💧 Insertando: Humedad_Patio   | 76.0%
2026-02-10 02:21:07,268 | INFO | --- ⏱️ Ciclo: 2026-02-10 01:21:07 ---
2026-02-10 02:21:07,269 | INFO | 📡 Insertando: Sensor_Patio    | Temp: 11.24°C
2026-02-10 02:21:07,270 | INFO | 📡 Insertando: Sensor_Cocina   | Temp: 17.23°C
2026-02-10 02:21:07,270 | INFO | 📡 Insertando: Sensor_Salon    | Temp: 10.55°C
2026-02-10 02:21:07,271 | INFO | 🔋 Insertando: Bateria_General | 47.5%
2026-02-10 02:21:07,271 | INFO | 💧 Insertando: Humedad_Patio   | 82.1%
2026-02-10 02:21:12,275 | INFO | --- ⏱️ Ciclo: 2026-02-10 01:21:12 ---
2026-02-10 02:21:12,275 | INFO | 📡 Insertando: Sensor_Patio    | Temp: 12.67°C
2026-02-10 02:21:12,278 | INFO | 📡 Insertando: Sensor_Cocina   | Temp: 19.50°C
2026-02-10 02:21:12,278 | INFO | 📡 Insertando: Sensor_Salon    | Temp: 12.61°C
2026-02-10 02:21:12,278 | INFO | 🔋 Insertando: Bateria_General | 47.0%
2026-02-10 02:21:12,278 | INFO | 💧 Insertando: Humedad_Patio   | 79.3%
2026-02-10 02:21:17,280 | INFO | --- ⏱️ Ciclo: 2026-02-10 01:21:17 ---
2026-02-10 02:21:17,280 | INFO | 📡 Insertando: Sensor_Patio    | Temp: 15.74°C
2026-02-10 02:21:17,281 | INFO | 📡 Insertando: Sensor_Cocina   | Temp: 16.95°C
2026-02-10 02:21:17,281 | INFO | 📡 Insertando: Sensor_Salon    | Temp: 14.26°C
2026-02-10 02:21:17,282 | INFO | 🔋 Insertando: Bateria_General | 46.5%
2026-02-10 02:21:17,282 | INFO | 💧 Insertando: Humedad_Patio   | 76.6%
2026-02-10 02:21:22,286 | INFO | --- ⏱️ Ciclo: 2026-02-10 01:21:22 ---
2026-02-10 02:21:22,286 | INFO | 📡 Insertando: Sensor_Patio    | Temp: 18.59°C
2026-02-10 02:21:22,287 | INFO | 📡 Insertando: Sensor_Cocina   | Temp: 19.12°C
2026-02-10 02:21:22,287 | INFO | 📡 Insertando: Sensor_Salon    | Temp: 16.04°C
2026-02-10 02:21:22,288 | INFO | 🔋 Insertando: Bateria_General | 46.0%
2026-02-10 02:21:22,288 | INFO | 💧 Insertando: Humedad_Patio   | 73.7%
2026-02-10 02:21:27,291 | INFO | --- ⏱️ Ciclo: 2026-02-10 01:21:27 ---
2026-02-10 02:21:27,292 | INFO | 📡 Insertando: Sensor_Patio    | Temp: 17.61°C
2026-02-10 02:21:27,293 | INFO | 📡 Insertando: Sensor_Cocina   | Temp: 18.05°C
2026-02-10 02:21:27,293 | INFO | 📡 Insertando: Sensor_Salon    | Temp: 18.54°C
2026-02-10 02:21:27,293 | INFO | 🔋 Insertando: Bateria_General | 45.5%
2026-02-10 02:21:27,293 | INFO | 💧 Insertando: Humedad_Patio   | 72.0%
2026-02-10 02:21:32,297 | INFO | --- ⏱️ Ciclo: 2026-02-10 01:21:32 ---
2026-02-10 02:21:32,297 | INFO | 📡 Insertando: Sensor_Patio    | Temp: 15.00°C
2026-02-10 02:21:32,298 | INFO | 📡 Insertando: Sensor_Cocina   | Temp: 17.98°C
2026-02-10 02:21:32,298 | INFO | 📡 Insertando: Sensor_Salon    | Temp: 14.95°C
2026-02-10 02:21:32,299 | INFO | 🔋 Insertando: Bateria_General | 45.0%
2026-02-10 02:21:32,299 | INFO | 💧 Insertando: Humedad_Patio   | 76.4%
2026-02-10 02:21:37,303 | INFO | --- ⏱️ Ciclo: 2026-02-10 01:21:37 ---
2026-02-10 02:21:37,303 | INFO | 📡 Insertando: Sensor_Patio    | Temp: 17.34°C
2026-02-10 02:21:37,304 | INFO | 📡 Insertando: Sensor_Cocina   | Temp: 15.44°C
2026-02-10 02:21:37,304 | INFO | 📡 Insertando: Sensor_Salon    | Temp: 17.59°C
2026-02-10 02:21:37,304 | INFO | 🔋 Insertando: Bateria_General | 44.5%
2026-02-10 02:21:37,304 | INFO | 💧 Insertando: Humedad_Patio   | 74.7%
2026-02-10 02:21:42,308 | INFO | --- ⏱️ Ciclo: 2026-02-10 01:21:42 ---
2026-02-10 02:21:42,308 | INFO | 📡 Insertando: Sensor_Patio    | Temp: 14.80°C
2026-02-10 02:21:42,309 | INFO | 📡 Insertando: Sensor_Cocina   | Temp: 11.83°C
2026-02-10 02:21:42,309 | INFO | 📡 Insertando: Sensor_Salon    | Temp: 16.02°C
2026-02-10 02:21:42,309 | INFO | 🔋 Insertando: Bateria_General | 44.0%
2026-02-10 02:21:42,309 | INFO | 💧 Insertando: Humedad_Patio   | 77.0%
2026-02-10 02:21:47,313 | INFO | --- ⏱️ Ciclo: 2026-02-10 01:21:47 ---
2026-02-10 02:21:47,313 | INFO | 📡 Insertando: Sensor_Patio    | Temp: 16.84°C
2026-02-10 02:21:47,314 | INFO | 📡 Insertando: Sensor_Cocina   | Temp: 10.04°C
2026-02-10 02:21:47,315 | INFO | 📡 Insertando: Sensor_Salon    | Temp: 13.40°C
2026-02-10 02:21:47,315 | INFO | 🔋 Insertando: Bateria_General | 43.5%
2026-02-10 02:21:47,315 | INFO | 💧 Insertando: Humedad_Patio   | 74.0%
2026-02-10 02:21:52,320 | INFO | --- ⏱️ Ciclo: 2026-02-10 01:21:52 ---
2026-02-10 02:21:52,320 | INFO | 📡 Insertando: Sensor_Patio    | Temp: 16.57°C
2026-02-10 02:21:52,321 | INFO | 📡 Insertando: Sensor_Cocina   | Temp: 12.51°C
2026-02-10 02:21:52,321 | INFO | 📡 Insertando: Sensor_Salon    | Temp: 10.85°C
2026-02-10 02:21:52,321 | INFO | 🔋 Insertando: Bateria_General | 43.0%
2026-02-10 02:21:52,321 | INFO | 💧 Insertando: Humedad_Patio   | 73.4%
2026-02-10 02:21:57,325 | INFO | --- ⏱️ Ciclo: 2026-02-10 01:21:57 ---
2026-02-10 02:21:57,325 | INFO | 📡 Insertando: Sensor_Patio    | Temp: 19.32°C
2026-02-10 02:21:57,325 | INFO | 📡 Insertando: Sensor_Cocina   | Temp: 14.30°C
2026-02-10 02:21:57,325 | INFO | 📡 Insertando: Sensor_Salon    | Temp: 13.06°C
2026-02-10 02:21:57,325 | INFO | 🔋 Insertando: Bateria_General | 42.5%
2026-02-10 02:21:57,325 | INFO | 💧 Insertando: Humedad_Patio   | 72.6%
2026-02-10 02:22:02,329 | INFO | --- ⏱️ Ciclo: 2026-02-10 01:22:02 ---
2026-02-10 02:22:02,329 | INFO | 📡 Insertando: Sensor_Patio    | Temp: 17.36°C
2026-02-10 02:22:02,330 | INFO | 📡 Insertando: Sensor_Cocina   | Temp: 11.37°C
2026-02-10 02:22:02,330 | INFO | 📡 Insertando: Sensor_Salon    | Temp: 15.89°C
2026-02-10 02:22:02,330 | INFO | 🔋 Insertando: Bateria_General | 42.0%
2026-02-10 02:22:02,330 | INFO | 💧 Insertando: Humedad_Patio   | 75.2%
2026-02-10 02:22:07,338 | INFO | --- ⏱️ Ciclo: 2026-02-10 01:22:07 ---
2026-02-10 02:22:07,338 | INFO | 📡 Insertando: Sensor_Patio    | Temp: 14.86°C
2026-02-10 02:22:07,338 | INFO | 📡 Insertando: Sensor_Cocina   | Temp: 13.72°C
2026-02-10 02:22:07,338 | INFO | 📡 Insertando: Sensor_Salon    | Temp: 14.14°C
2026-02-10 02:22:07,339 | INFO | 🔋 Insertando: Bateria_General | 41.5%
2026-02-10 02:22:07,339 | INFO | 💧 Insertando: Humedad_Patio   | 78.4%
2026-02-10 02:22:12,342 | INFO | --- ⏱️ Ciclo: 2026-02-10 01:22:12 ---
2026-02-10 02:22:12,342 | INFO | 📡 Insertando: Sensor_Patio    | Temp: 12.84°C
2026-02-10 02:22:12,342 | INFO | 📡 Insertando: Sensor_Cocina   | Temp: 11.67°C
2026-02-10 02:22:12,343 | INFO | 📡 Insertando: Sensor_Salon    | Temp: 16.05°C
2026-02-10 02:22:12,343 | INFO | 🔋 Insertando: Bateria_General | 41.0%
2026-02-10 02:22:12,343 | INFO | 💧 Insertando: Humedad_Patio   | 81.0%
2026-02-10 02:22:17,346 | INFO | --- ⏱️ Ciclo: 2026-02-10 01:22:17 ---
2026-02-10 02:22:17,346 | INFO | 📡 Insertando: Sensor_Patio    | Temp: 10.67°C
2026-02-10 02:22:17,347 | INFO | 📡 Insertando: Sensor_Cocina   | Temp: 14.29°C
2026-02-10 02:22:17,347 | INFO | 📡 Insertando: Sensor_Salon    | Temp: 18.51°C
2026-02-10 02:22:17,347 | INFO | 🔋 Insertando: Bateria_General | 40.5%
2026-02-10 02:22:17,347 | INFO | 💧 Insertando: Humedad_Patio   | 85.5%
2026-02-10 02:22:22,350 | INFO | --- ⏱️ Ciclo: 2026-02-10 01:22:22 ---
2026-02-10 02:22:22,350 | INFO | 📡 Insertando: Sensor_Patio    | Temp: 13.50°C
2026-02-10 02:22:22,353 | INFO | 📡 Insertando: Sensor_Cocina   | Temp: 11.83°C
2026-02-10 02:22:22,353 | INFO | 📡 Insertando: Sensor_Salon    | Temp: 16.66°C
2026-02-10 02:22:22,353 | INFO | 🔋 Insertando: Bateria_General | 40.0%
2026-02-10 02:22:22,353 | INFO | 💧 Insertando: Humedad_Patio   | 81.0%
2026-02-10 02:22:27,355 | INFO | --- ⏱️ Ciclo: 2026-02-10 01:22:27 ---
2026-02-10 02:22:27,355 | INFO | 📡 Insertando: Sensor_Patio    | Temp: 16.25°C
2026-02-10 02:22:27,356 | INFO | 📡 Insertando: Sensor_Cocina   | Temp: 13.72°C
2026-02-10 02:22:27,356 | INFO | 📡 Insertando: Sensor_Salon    | Temp: 13.88°C
2026-02-10 02:22:27,356 | INFO | 🔋 Insertando: Bateria_General | 39.5%
2026-02-10 02:22:27,356 | INFO | 💧 Insertando: Humedad_Patio   | 76.9%
2026-02-10 02:22:32,359 | INFO | --- ⏱️ Ciclo: 2026-02-10 01:22:32 ---
2026-02-10 02:22:32,359 | INFO | 📡 Insertando: Sensor_Patio    | Temp: 14.10°C
2026-02-10 02:22:32,360 | INFO | 📡 Insertando: Sensor_Cocina   | Temp: 16.72°C
2026-02-10 02:22:32,360 | INFO | 📡 Insertando: Sensor_Salon    | Temp: 16.39°C
2026-02-10 02:22:32,360 | INFO | 🔋 Insertando: Bateria_General | 39.0%
2026-02-10 02:22:32,360 | INFO | 💧 Insertando: Humedad_Patio   | 80.0%
2026-02-10 02:22:37,363 | INFO | --- ⏱️ Ciclo: 2026-02-10 01:22:37 ---
2026-02-10 02:22:37,363 | INFO | 📡 Insertando: Sensor_Patio    | Temp: 11.64°C
2026-02-10 02:22:37,364 | INFO | 📡 Insertando: Sensor_Cocina   | Temp: 19.43°C
2026-02-10 02:22:37,364 | INFO | 📡 Insertando: Sensor_Salon    | Temp: 13.84°C
2026-02-10 02:22:37,364 | INFO | 🔋 Insertando: Bateria_General | 38.5%
2026-02-10 02:22:37,364 | INFO | 💧 Insertando: Humedad_Patio   | 84.1%
2026-02-10 02:22:42,367 | INFO | --- ⏱️ Ciclo: 2026-02-10 01:22:42 ---
2026-02-10 02:22:42,367 | INFO | 📡 Insertando: Sensor_Patio    | Temp: 14.34°C
2026-02-10 02:22:42,368 | INFO | 📡 Insertando: Sensor_Cocina   | Temp: 17.70°C
2026-02-10 02:22:42,368 | INFO | 📡 Insertando: Sensor_Salon    | Temp: 16.64°C
2026-02-10 02:22:42,368 | INFO | 🔋 Insertando: Bateria_General | 38.0%
2026-02-10 02:22:42,368 | INFO | 💧 Insertando: Humedad_Patio   | 79.2%
2026-02-10 02:22:47,376 | INFO | --- ⏱️ Ciclo: 2026-02-10 01:22:47 ---
2026-02-10 02:22:47,376 | INFO | 📡 Insertando: Sensor_Patio    | Temp: 12.51°C
2026-02-10 02:22:47,376 | INFO | 📡 Insertando: Sensor_Cocina   | Temp: 17.11°C
2026-02-10 02:22:47,376 | INFO | 📡 Insertando: Sensor_Salon    | Temp: 19.50°C
2026-02-10 02:22:47,377 | INFO | 🔋 Insertando: Bateria_General | 37.5%
2026-02-10 02:22:47,377 | INFO | 💧 Insertando: Humedad_Patio   | 79.6%
2026-02-10 02:22:52,380 | INFO | --- ⏱️ Ciclo: 2026-02-10 01:22:52 ---
2026-02-10 02:22:52,380 | INFO | 📡 Insertando: Sensor_Patio    | Temp: 10.59°C
2026-02-10 02:22:52,380 | INFO | 📡 Insertando: Sensor_Cocina   | Temp: 15.06°C
2026-02-10 02:22:52,380 | INFO | 📡 Insertando: Sensor_Salon    | Temp: 16.60°C
2026-02-10 02:22:52,381 | INFO | 🔋 Insertando: Bateria_General | 37.0%
2026-02-10 02:22:52,381 | INFO | 💧 Insertando: Humedad_Patio   | 83.8%
2026-02-10 02:22:57,384 | INFO | --- ⏱️ Ciclo: 2026-02-10 01:22:57 ---
2026-02-10 02:22:57,384 | INFO | 📡 Insertando: Sensor_Patio    | Temp: 12.27°C
2026-02-10 02:22:57,385 | INFO | 📡 Insertando: Sensor_Cocina   | Temp: 12.99°C
2026-02-10 02:22:57,385 | INFO | 📡 Insertando: Sensor_Salon    | Temp: 19.07°C
2026-02-10 02:22:57,385 | INFO | 🔋 Insertando: Bateria_General | 36.5%
2026-02-10 02:22:57,385 | INFO | 💧 Insertando: Humedad_Patio   | 79.8%
2026-02-10 02:23:02,389 | INFO | --- ⏱️ Ciclo: 2026-02-10 01:23:02 ---
2026-02-10 02:23:02,389 | INFO | 📡 Insertando: Sensor_Patio    | Temp: 12.56°C
2026-02-10 02:23:02,390 | INFO | 📡 Insertando: Sensor_Cocina   | Temp: 10.54°C
2026-02-10 02:23:02,390 | INFO | 📡 Insertando: Sensor_Salon    | Temp: 16.42°C
2026-02-10 02:23:02,390 | INFO | 🔋 Insertando: Bateria_General | 36.0%
2026-02-10 02:23:02,391 | INFO | 💧 Insertando: Humedad_Patio   | 82.5%
2026-02-10 02:23:07,394 | INFO | --- ⏱️ Ciclo: 2026-02-10 01:23:07 ---
2026-02-10 02:23:07,395 | INFO | 📡 Insertando: Sensor_Patio    | Temp: 10.22°C
2026-02-10 02:23:07,396 | INFO | 📡 Insertando: Sensor_Cocina   | Temp: 12.84°C
2026-02-10 02:23:07,396 | INFO | 📡 Insertando: Sensor_Salon    | Temp: 14.47°C
2026-02-10 02:23:07,396 | INFO | 🔋 Insertando: Bateria_General | 35.5%
2026-02-10 02:23:07,396 | INFO | 💧 Insertando: Humedad_Patio   | 83.7%
2026-02-10 02:23:12,400 | INFO | --- ⏱️ Ciclo: 2026-02-10 01:23:12 ---
2026-02-10 02:23:12,400 | INFO | 📡 Insertando: Sensor_Patio    | Temp: 11.89°C
2026-02-10 02:23:12,401 | INFO | 📡 Insertando: Sensor_Cocina   | Temp: 11.02°C
2026-02-10 02:23:12,401 | INFO | 📡 Insertando: Sensor_Salon    | Temp: 16.39°C
2026-02-10 02:23:12,401 | INFO | 🔋 Insertando: Bateria_General | 35.0%
2026-02-10 02:23:12,401 | INFO | 💧 Insertando: Humedad_Patio   | 83.2%
2026-02-10 02:23:17,404 | INFO | --- ⏱️ Ciclo: 2026-02-10 01:23:17 ---
2026-02-10 02:23:17,405 | INFO | 📡 Insertando: Sensor_Patio    | Temp: 14.57°C
2026-02-10 02:23:17,405 | INFO | 📡 Insertando: Sensor_Cocina   | Temp: 12.06°C
2026-02-10 02:23:17,405 | INFO | 📡 Insertando: Sensor_Salon    | Temp: 18.08°C
2026-02-10 02:23:17,405 | INFO | 🔋 Insertando: Bateria_General | 34.5%
2026-02-10 02:23:17,406 | INFO | 💧 Insertando: Humedad_Patio   | 77.7%
2026-02-10 02:23:22,409 | INFO | --- ⏱️ Ciclo: 2026-02-10 01:23:22 ---
2026-02-10 02:23:22,409 | INFO | 📡 Insertando: Sensor_Patio    | Temp: 11.37°C
2026-02-10 02:23:22,411 | INFO | 📡 Insertando: Sensor_Cocina   | Temp: 10.33°C
2026-02-10 02:23:22,411 | INFO | 📡 Insertando: Sensor_Salon    | Temp: 15.78°C
2026-02-10 02:23:22,411 | INFO | 🔋 Insertando: Bateria_General | 34.0%
2026-02-10 02:23:22,412 | INFO | 💧 Insertando: Humedad_Patio   | 83.1%
2026-02-10 02:23:27,413 | INFO | --- ⏱️ Ciclo: 2026-02-10 01:23:27 ---
2026-02-10 02:23:27,413 | INFO | 📡 Insertando: Sensor_Patio    | Temp: 14.23°C
2026-02-10 02:23:27,413 | INFO | 📡 Insertando: Sensor_Cocina   | Temp: 13.33°C
2026-02-10 02:23:27,413 | INFO | 📡 Insertando: Sensor_Salon    | Temp: 12.83°C
2026-02-10 02:23:27,414 | INFO | 🔋 Insertando: Bateria_General | 33.5%
2026-02-10 02:23:27,414 | INFO | 💧 Insertando: Humedad_Patio   | 78.0%
2026-02-10 02:23:32,417 | INFO | --- ⏱️ Ciclo: 2026-02-10 01:23:32 ---
2026-02-10 02:23:32,417 | INFO | 📡 Insertando: Sensor_Patio    | Temp: 17.37°C
2026-02-10 02:23:32,418 | INFO | 📡 Insertando: Sensor_Cocina   | Temp: 15.38°C
2026-02-10 02:23:32,418 | INFO | 📡 Insertando: Sensor_Salon    | Temp: 14.78°C
2026-02-10 02:23:32,418 | INFO | 🔋 Insertando: Bateria_General | 33.0%
2026-02-10 02:23:32,419 | INFO | 💧 Insertando: Humedad_Patio   | 73.5%
2026-02-10 02:23:37,422 | INFO | --- ⏱️ Ciclo: 2026-02-10 01:23:37 ---
2026-02-10 02:23:37,423 | INFO | 📡 Insertando: Sensor_Patio    | Temp: 19.88°C
2026-02-10 02:23:37,424 | INFO | 📡 Insertando: Sensor_Cocina   | Temp: 17.53°C
2026-02-10 02:23:37,424 | INFO | 📡 Insertando: Sensor_Salon    | Temp: 11.40°C
2026-02-10 02:23:37,424 | INFO | 🔋 Insertando: Bateria_General | 32.5%
2026-02-10 02:23:37,424 | INFO | 💧 Insertando: Humedad_Patio   | 68.2%
2026-02-10 02:23:42,429 | INFO | --- ⏱️ Ciclo: 2026-02-10 01:23:42 ---
2026-02-10 02:23:42,429 | INFO | 📡 Insertando: Sensor_Patio    | Temp: 16.61°C
2026-02-10 02:23:42,435 | INFO | 📡 Insertando: Sensor_Cocina   | Temp: 15.42°C
2026-02-10 02:23:42,436 | INFO | 📡 Insertando: Sensor_Salon    | Temp: 13.64°C
2026-02-10 02:23:42,436 | INFO | 🔋 Insertando: Bateria_General | 32.0%
2026-02-10 02:23:42,436 | INFO | 💧 Insertando: Humedad_Patio   | 73.5%
2026-02-10 02:23:47,438 | INFO | --- ⏱️ Ciclo: 2026-02-10 01:23:47 ---
2026-02-10 02:23:47,438 | INFO | 📡 Insertando: Sensor_Patio    | Temp: 18.59°C
2026-02-10 02:23:47,439 | INFO | 📡 Insertando: Sensor_Cocina   | Temp: 13.01°C
2026-02-10 02:23:47,439 | INFO | 📡 Insertando: Sensor_Salon    | Temp: 15.40°C
2026-02-10 02:23:47,439 | INFO | 🔋 Insertando: Bateria_General | 31.5%
2026-02-10 02:23:47,439 | INFO | 💧 Insertando: Humedad_Patio   | 70.4%
2026-02-10 02:23:52,444 | INFO | --- ⏱️ Ciclo: 2026-02-10 01:23:52 ---
2026-02-10 02:23:52,444 | INFO | 📡 Insertando: Sensor_Patio    | Temp: 17.76°C
2026-02-10 02:23:52,445 | INFO | 📡 Insertando: Sensor_Cocina   | Temp: 13.90°C
2026-02-10 02:23:52,445 | INFO | 📡 Insertando: Sensor_Salon    | Temp: 13.22°C
2026-02-10 02:23:52,446 | INFO | 🔋 Insertando: Bateria_General | 31.0%
2026-02-10 02:23:52,446 | INFO | 💧 Insertando: Humedad_Patio   | 72.4%
2026-02-10 02:23:57,450 | INFO | --- ⏱️ Ciclo: 2026-02-10 01:23:57 ---
2026-02-10 02:23:57,450 | INFO | 📡 Insertando: Sensor_Patio    | Temp: 16.89°C
2026-02-10 02:23:57,451 | INFO | 📡 Insertando: Sensor_Cocina   | Temp: 16.24°C
2026-02-10 02:23:57,451 | INFO | 📡 Insertando: Sensor_Salon    | Temp: 14.99°C
2026-02-10 02:23:57,451 | INFO | 🔋 Insertando: Bateria_General | 30.5%
2026-02-10 02:23:57,451 | INFO | 💧 Insertando: Humedad_Patio   | 75.0%
2026-02-10 02:24:02,455 | INFO | --- ⏱️ Ciclo: 2026-02-10 01:24:02 ---
2026-02-10 02:24:02,456 | INFO | 📡 Insertando: Sensor_Patio    | Temp: 14.80°C
2026-02-10 02:24:02,456 | INFO | 📡 Insertando: Sensor_Cocina   | Temp: 13.53°C
2026-02-10 02:24:02,457 | INFO | 📡 Insertando: Sensor_Salon    | Temp: 17.80°C
2026-02-10 02:24:02,457 | INFO | 🔋 Insertando: Bateria_General | 30.0%
2026-02-10 02:24:02,457 | INFO | 💧 Insertando: Humedad_Patio   | 78.8%
2026-02-10 02:24:07,461 | INFO | --- ⏱️ Ciclo: 2026-02-10 01:24:07 ---
2026-02-10 02:24:07,462 | INFO | 📡 Insertando: Sensor_Patio    | Temp: 17.91°C
2026-02-10 02:24:07,463 | INFO | 📡 Insertando: Sensor_Cocina   | Temp: 10.85°C
2026-02-10 02:24:07,463 | INFO | 📡 Insertando: Sensor_Salon    | Temp: 15.16°C
2026-02-10 02:24:07,464 | INFO | 🔋 Insertando: Bateria_General | 29.5%
2026-02-10 02:24:07,464 | INFO | 💧 Insertando: Humedad_Patio   | 72.7%
2026-02-10 02:24:12,468 | INFO | --- ⏱️ Ciclo: 2026-02-10 01:24:12 ---
2026-02-10 02:24:12,468 | INFO | 📡 Insertando: Sensor_Patio    | Temp: 17.54°C
2026-02-10 02:24:12,469 | INFO | 📡 Insertando: Sensor_Cocina   | Temp: 12.30°C
2026-02-10 02:24:12,469 | INFO | 📡 Insertando: Sensor_Salon    | Temp: 12.20°C
2026-02-10 02:24:12,469 | INFO | 🔋 Insertando: Bateria_General | 29.0%
2026-02-10 02:24:12,469 | INFO | 💧 Insertando: Humedad_Patio   | 72.2%
2026-02-10 02:24:17,473 | INFO | --- ⏱️ Ciclo: 2026-02-10 01:24:17 ---
2026-02-10 02:24:17,473 | INFO | 📡 Insertando: Sensor_Patio    | Temp: 15.75°C
2026-02-10 02:24:17,474 | INFO | 📡 Insertando: Sensor_Cocina   | Temp: 13.12°C
2026-02-10 02:24:17,474 | INFO | 📡 Insertando: Sensor_Salon    | Temp: 10.59°C
2026-02-10 02:24:17,474 | INFO | 🔋 Insertando: Bateria_General | 28.5%
2026-02-10 02:24:17,474 | INFO | 💧 Insertando: Humedad_Patio   | 76.2%
2026-02-10 02:24:22,478 | INFO | --- ⏱️ Ciclo: 2026-02-10 01:24:22 ---
2026-02-10 02:24:22,478 | INFO | 📡 Insertando: Sensor_Patio    | Temp: 17.84°C
2026-02-10 02:24:22,478 | INFO | 📡 Insertando: Sensor_Cocina   | Temp: 10.29°C
2026-02-10 02:24:22,478 | INFO | 📡 Insertando: Sensor_Salon    | Temp: 12.43°C
2026-02-10 02:24:22,478 | INFO | 🔋 Insertando: Bateria_General | 28.0%
2026-02-10 02:24:22,478 | INFO | 💧 Insertando: Humedad_Patio   | 72.3%
2026-02-10 02:24:27,482 | INFO | --- ⏱️ Ciclo: 2026-02-10 01:24:27 ---
2026-02-10 02:24:27,482 | INFO | 📡 Insertando: Sensor_Patio    | Temp: 17.62°C
2026-02-10 02:24:27,482 | INFO | 📡 Insertando: Sensor_Cocina   | Temp: 13.49°C
2026-02-10 02:24:27,482 | INFO | 📡 Insertando: Sensor_Salon    | Temp: 12.85°C
2026-02-10 02:24:27,482 | INFO | 🔋 Insertando: Bateria_General | 27.5%
2026-02-10 02:24:27,483 | INFO | 💧 Insertando: Humedad_Patio   | 75.1%
2026-02-10 02:24:32,486 | INFO | --- ⏱️ Ciclo: 2026-02-10 01:24:32 ---
2026-02-10 02:24:32,487 | INFO | 📡 Insertando: Sensor_Patio    | Temp: 14.49°C
2026-02-10 02:24:32,488 | INFO | 📡 Insertando: Sensor_Cocina   | Temp: 10.50°C
2026-02-10 02:24:32,489 | INFO | 📡 Insertando: Sensor_Salon    | Temp: 12.91°C
2026-02-10 02:24:32,489 | INFO | 🔋 Insertando: Bateria_General | 27.0%
2026-02-10 02:24:32,489 | INFO | 💧 Insertando: Humedad_Patio   | 79.4%
2026-02-10 02:24:37,493 | INFO | --- ⏱️ Ciclo: 2026-02-10 01:24:37 ---
2026-02-10 02:24:37,493 | INFO | 📡 Insertando: Sensor_Patio    | Temp: 11.94°C
2026-02-10 02:24:37,494 | INFO | 📡 Insertando: Sensor_Cocina   | Temp: 12.54°C
2026-02-10 02:24:37,495 | INFO | 📡 Insertando: Sensor_Salon    | Temp: 10.78°C
2026-02-10 02:24:37,495 | INFO | 🔋 Insertando: Bateria_General | 26.5%
2026-02-10 02:24:37,495 | INFO | 💧 Insertando: Humedad_Patio   | 81.2%
2026-02-10 02:24:42,499 | INFO | --- ⏱️ Ciclo: 2026-02-10 01:24:42 ---
2026-02-10 02:24:42,499 | INFO | 📡 Insertando: Sensor_Patio    | Temp: 15.14°C
2026-02-10 02:24:42,500 | INFO | 📡 Insertando: Sensor_Cocina   | Temp: 13.25°C
2026-02-10 02:24:42,500 | INFO | 📡 Insertando: Sensor_Salon    | Temp: 13.05°C
2026-02-10 02:24:42,500 | INFO | 🔋 Insertando: Bateria_General | 26.0%
2026-02-10 02:24:42,500 | INFO | 💧 Insertando: Humedad_Patio   | 77.2%
2026-02-10 02:24:47,504 | INFO | --- ⏱️ Ciclo: 2026-02-10 01:24:47 ---
2026-02-10 02:24:47,504 | INFO | 📡 Insertando: Sensor_Patio    | Temp: 11.94°C
2026-02-10 02:24:47,505 | INFO | 📡 Insertando: Sensor_Cocina   | Temp: 11.36°C
2026-02-10 02:24:47,505 | INFO | 📡 Insertando: Sensor_Salon    | Temp: 15.58°C
2026-02-10 02:24:47,506 | INFO | 🔋 Insertando: Bateria_General | 25.5%
2026-02-10 02:24:47,506 | INFO | 💧 Insertando: Humedad_Patio   | 82.5%
2026-02-10 02:24:52,510 | INFO | --- ⏱️ Ciclo: 2026-02-10 01:24:52 ---
2026-02-10 02:24:52,510 | INFO | 📡 Insertando: Sensor_Patio    | Temp: 14.85°C
2026-02-10 02:24:52,511 | INFO | 📡 Insertando: Sensor_Cocina   | Temp: 14.37°C
2026-02-10 02:24:52,511 | INFO | 📡 Insertando: Sensor_Salon    | Temp: 18.06°C
2026-02-10 02:24:52,511 | INFO | 🔋 Insertando: Bateria_General | 25.0%
2026-02-10 02:24:52,511 | INFO | 💧 Insertando: Humedad_Patio   | 77.2%
2026-02-10 02:24:57,515 | INFO | --- ⏱️ Ciclo: 2026-02-10 01:24:57 ---
2026-02-10 02:24:57,516 | INFO | 📡 Insertando: Sensor_Patio    | Temp: 13.12°C
2026-02-10 02:24:57,516 | INFO | 📡 Insertando: Sensor_Cocina   | Temp: 12.27°C
2026-02-10 02:24:57,516 | INFO | 📡 Insertando: Sensor_Salon    | Temp: 17.35°C
2026-02-10 02:24:57,517 | INFO | 🔋 Insertando: Bateria_General | 24.5%
2026-02-10 02:24:57,517 | INFO | 💧 Insertando: Humedad_Patio   | 81.2%
2026-02-10 02:25:02,519 | INFO | --- ⏱️ Ciclo: 2026-02-10 01:25:02 ---
2026-02-10 02:25:02,520 | INFO | 📡 Insertando: Sensor_Patio    | Temp: 11.07°C
2026-02-10 02:25:02,521 | INFO | 📡 Insertando: Sensor_Cocina   | Temp: 12.61°C
2026-02-10 02:25:02,521 | INFO | 📡 Insertando: Sensor_Salon    | Temp: 14.76°C
2026-02-10 02:25:02,521 | INFO | 🔋 Insertando: Bateria_General | 24.0%
2026-02-10 02:25:02,521 | INFO | 💧 Insertando: Humedad_Patio   | 81.6%
2026-02-10 02:25:07,525 | INFO | --- ⏱️ Ciclo: 2026-02-10 01:25:07 ---
2026-02-10 02:25:07,525 | INFO | 📡 Insertando: Sensor_Patio    | Temp: 14.04°C
2026-02-10 02:25:07,526 | INFO | 📡 Insertando: Sensor_Cocina   | Temp: 15.11°C
2026-02-10 02:25:07,526 | INFO | 📡 Insertando: Sensor_Salon    | Temp: 12.64°C
2026-02-10 02:25:07,526 | INFO | 🔋 Insertando: Bateria_General | 23.5%
2026-02-10 02:25:07,526 | INFO | 💧 Insertando: Humedad_Patio   | 79.3%
2026-02-10 02:25:12,530 | INFO | --- ⏱️ Ciclo: 2026-02-10 01:25:12 ---
2026-02-10 02:25:12,530 | INFO | 📡 Insertando: Sensor_Patio    | Temp: 16.86°C
2026-02-10 02:25:12,530 | INFO | 📡 Insertando: Sensor_Cocina   | Temp: 13.03°C
2026-02-10 02:25:12,531 | INFO | 📡 Insertando: Sensor_Salon    | Temp: 15.31°C
2026-02-10 02:25:12,531 | INFO | 🔋 Insertando: Bateria_General | 23.0%
2026-02-10 02:25:12,531 | INFO | 💧 Insertando: Humedad_Patio   | 76.6%
2026-02-10 02:25:17,534 | INFO | --- ⏱️ Ciclo: 2026-02-10 01:25:17 ---
2026-02-10 02:25:17,535 | INFO | 📡 Insertando: Sensor_Patio    | Temp: 19.71°C
2026-02-10 02:25:17,536 | INFO | 📡 Insertando: Sensor_Cocina   | Temp: 10.05°C
2026-02-10 02:25:17,536 | INFO | 📡 Insertando: Sensor_Salon    | Temp: 12.69°C
2026-02-10 02:25:17,536 | INFO | 🔋 Insertando: Bateria_General | 22.5%
2026-02-10 02:25:17,536 | INFO | 💧 Insertando: Humedad_Patio   | 69.5%
2026-02-10 02:25:22,540 | INFO | --- ⏱️ Ciclo: 2026-02-10 01:25:22 ---
2026-02-10 02:25:22,540 | INFO | 📡 Insertando: Sensor_Patio    | Temp: 17.21°C
2026-02-10 02:25:22,541 | INFO | 📡 Insertando: Sensor_Cocina   | Temp: 12.49°C
2026-02-10 02:25:22,541 | INFO | 📡 Insertando: Sensor_Salon    | Temp: 14.64°C
2026-02-10 02:25:22,541 | INFO | 🔋 Insertando: Bateria_General | 22.0%
2026-02-10 02:25:22,541 | INFO | 💧 Insertando: Humedad_Patio   | 73.1%
2026-02-10 02:25:27,544 | INFO | --- ⏱️ Ciclo: 2026-02-10 01:25:27 ---
2026-02-10 02:25:27,545 | INFO | 📡 Insertando: Sensor_Patio    | Temp: 14.87°C
2026-02-10 02:25:27,546 | INFO | 📡 Insertando: Sensor_Cocina   | Temp: 15.07°C
2026-02-10 02:25:27,546 | INFO | 📡 Insertando: Sensor_Salon    | Temp: 17.61°C
2026-02-10 02:25:27,546 | INFO | 🔋 Insertando: Bateria_General | 21.5%
2026-02-10 02:25:27,546 | INFO | 💧 Insertando: Humedad_Patio   | 79.5%
2026-02-10 02:25:32,550 | INFO | --- ⏱️ Ciclo: 2026-02-10 01:25:32 ---
2026-02-10 02:25:32,551 | INFO | 📡 Insertando: Sensor_Patio    | Temp: 13.09°C
2026-02-10 02:25:32,552 | INFO | 📡 Insertando: Sensor_Cocina   | Temp: 12.35°C
2026-02-10 02:25:32,552 | INFO | 📡 Insertando: Sensor_Salon    | Temp: 17.38°C
2026-02-10 02:25:32,552 | INFO | 🔋 Insertando: Bateria_General | 21.0%
2026-02-10 02:25:32,552 | INFO | 💧 Insertando: Humedad_Patio   | 81.4%
2026-02-10 02:25:37,556 | INFO | --- ⏱️ Ciclo: 2026-02-10 01:25:37 ---
2026-02-10 02:25:37,556 | INFO | 📡 Insertando: Sensor_Patio    | Temp: 11.58°C
2026-02-10 02:25:37,556 | INFO | 📡 Insertando: Sensor_Cocina   | Temp: 12.85°C
2026-02-10 02:25:37,557 | INFO | 📡 Insertando: Sensor_Salon    | Temp: 15.56°C
2026-02-10 02:25:37,557 | INFO | 🔋 Insertando: Bateria_General | 20.5%
2026-02-10 02:25:37,557 | INFO | 💧 Insertando: Humedad_Patio   | 81.6%
2026-02-10 02:25:42,559 | INFO | --- ⏱️ Ciclo: 2026-02-10 01:25:42 ---
2026-02-10 02:25:42,559 | INFO | 📡 Insertando: Sensor_Patio    | Temp: 14.51°C
2026-02-10 02:25:42,560 | INFO | 📡 Insertando: Sensor_Cocina   | Temp: 13.05°C
2026-02-10 02:25:42,561 | INFO | 📡 Insertando: Sensor_Salon    | Temp: 12.08°C
2026-02-10 02:25:42,561 | INFO | 🔋 Insertando: Bateria_General | 20.0%
2026-02-10 02:25:42,561 | INFO | 💧 Insertando: Humedad_Patio   | 78.4%
2026-02-10 02:25:47,570 | INFO | --- ⏱️ Ciclo: 2026-02-10 01:25:47 ---
2026-02-10 02:25:47,570 | INFO | 📡 Insertando: Sensor_Patio    | Temp: 12.40°C
2026-02-10 02:25:47,571 | INFO | 📡 Insertando: Sensor_Cocina   | Temp: 10.15°C
2026-02-10 02:25:47,572 | INFO | 📡 Insertando: Sensor_Salon    | Temp: 14.92°C
2026-02-10 02:25:47,572 | INFO | 🔋 Insertando: Bateria_General | 100.0%
2026-02-10 02:25:47,572 | INFO | 💧 Insertando: Humedad_Patio   | 83.0%
2026-02-10 02:25:52,577 | INFO | --- ⏱️ Ciclo: 2026-02-10 01:25:52 ---
2026-02-10 02:25:52,577 | INFO | 📡 Insertando: Sensor_Patio    | Temp: 15.34°C
2026-02-10 02:25:52,583 | INFO | 📡 Insertando: Sensor_Cocina   | Temp: 12.65°C
2026-02-10 02:25:52,584 | INFO | 📡 Insertando: Sensor_Salon    | Temp: 12.12°C
2026-02-10 02:25:52,584 | INFO | 🔋 Insertando: Bateria_General | 99.5%
2026-02-10 02:25:52,584 | INFO | 💧 Insertando: Humedad_Patio   | 75.6%
2026-02-10 02:25:57,587 | INFO | --- ⏱️ Ciclo: 2026-02-10 01:25:57 ---
2026-02-10 02:25:57,587 | INFO | 📡 Insertando: Sensor_Patio    | Temp: 12.24°C
2026-02-10 02:25:57,588 | INFO | 📡 Insertando: Sensor_Cocina   | Temp: 14.93°C
2026-02-10 02:25:57,588 | INFO | 📡 Insertando: Sensor_Salon    | Temp: 14.94°C
2026-02-10 02:25:57,589 | INFO | 🔋 Insertando: Bateria_General | 99.0%
2026-02-10 02:25:57,589 | INFO | 💧 Insertando: Humedad_Patio   | 82.9%
2026-02-10 02:26:02,593 | INFO | --- ⏱️ Ciclo: 2026-02-10 01:26:02 ---
2026-02-10 02:26:02,593 | INFO | 📡 Insertando: Sensor_Patio    | Temp: 10.61°C
2026-02-10 02:26:02,594 | INFO | 📡 Insertando: Sensor_Cocina   | Temp: 17.42°C
2026-02-10 02:26:02,594 | INFO | 📡 Insertando: Sensor_Salon    | Temp: 17.14°C
2026-02-10 02:26:02,594 | INFO | 🔋 Insertando: Bateria_General | 98.5%
2026-02-10 02:26:02,594 | INFO | 💧 Insertando: Humedad_Patio   | 83.2%
2026-02-10 02:26:07,602 | INFO | --- ⏱️ Ciclo: 2026-02-10 01:26:07 ---
2026-02-10 02:26:07,602 | INFO | 📡 Insertando: Sensor_Patio    | Temp: 13.31°C
2026-02-10 02:26:07,603 | INFO | 📡 Insertando: Sensor_Cocina   | Temp: 16.16°C
2026-02-10 02:26:07,603 | INFO | 📡 Insertando: Sensor_Salon    | Temp: 13.77°C
2026-02-10 02:26:07,603 | INFO | 🔋 Insertando: Bateria_General | 98.0%
2026-02-10 02:26:07,603 | INFO | 💧 Insertando: Humedad_Patio   | 81.7%
2026-02-10 02:26:12,606 | INFO | --- ⏱️ Ciclo: 2026-02-10 01:26:12 ---
2026-02-10 02:26:12,606 | INFO | 📡 Insertando: Sensor_Patio    | Temp: 15.76°C
2026-02-10 02:26:12,607 | INFO | 📡 Insertando: Sensor_Cocina   | Temp: 18.49°C
2026-02-10 02:26:12,607 | INFO | 📡 Insertando: Sensor_Salon    | Temp: 10.86°C
2026-02-10 02:26:12,608 | INFO | 🔋 Insertando: Bateria_General | 97.5%
2026-02-10 02:26:12,608 | INFO | 💧 Insertando: Humedad_Patio   | 75.5%
2026-02-10 02:26:17,613 | INFO | --- ⏱️ Ciclo: 2026-02-10 01:26:17 ---
2026-02-10 02:26:17,613 | INFO | 📡 Insertando: Sensor_Patio    | Temp: 17.63°C
2026-02-10 02:26:17,614 | INFO | 📡 Insertando: Sensor_Cocina   | Temp: 16.73°C
2026-02-10 02:26:17,614 | INFO | 📡 Insertando: Sensor_Salon    | Temp: 12.29°C
2026-02-10 02:26:17,614 | INFO | 🔋 Insertando: Bateria_General | 97.0%
2026-02-10 02:26:17,614 | INFO | 💧 Insertando: Humedad_Patio   | 73.3%
2026-02-10 02:26:22,617 | INFO | --- ⏱️ Ciclo: 2026-02-10 01:26:22 ---
2026-02-10 02:26:22,618 | INFO | 📡 Insertando: Sensor_Patio    | Temp: 16.97°C
2026-02-10 02:26:22,624 | INFO | 📡 Insertando: Sensor_Cocina   | Temp: 13.62°C
2026-02-10 02:26:22,624 | INFO | 📡 Insertando: Sensor_Salon    | Temp: 10.18°C
2026-02-10 02:26:22,624 | INFO | 🔋 Insertando: Bateria_General | 96.5%
2026-02-10 02:26:22,625 | INFO | 💧 Insertando: Humedad_Patio   | 75.9%
2026-02-10 02:26:27,650 | INFO | --- ⏱️ Ciclo: 2026-02-10 01:26:27 ---
2026-02-10 02:26:27,650 | INFO | 📡 Insertando: Sensor_Patio    | Temp: 14.13°C
2026-02-10 02:26:27,650 | INFO | 📡 Insertando: Sensor_Cocina   | Temp: 15.80°C
2026-02-10 02:26:27,650 | INFO | 📡 Insertando: Sensor_Salon    | Temp: 11.64°C
2026-02-10 02:26:27,650 | INFO | 🔋 Insertando: Bateria_General | 96.0%
2026-02-10 02:26:27,650 | INFO | 💧 Insertando: Humedad_Patio   | 78.7%
2026-02-10 02:26:32,654 | INFO | --- ⏱️ Ciclo: 2026-02-10 01:26:32 ---
2026-02-10 02:26:32,654 | INFO | 📡 Insertando: Sensor_Patio    | Temp: 16.50°C
2026-02-10 02:26:32,655 | INFO | 📡 Insertando: Sensor_Cocina   | Temp: 18.06°C
2026-02-10 02:26:32,655 | INFO | 📡 Insertando: Sensor_Salon    | Temp: 12.22°C
2026-02-10 02:26:32,655 | INFO | 🔋 Insertando: Bateria_General | 95.5%
2026-02-10 02:26:32,655 | INFO | 💧 Insertando: Humedad_Patio   | 76.1%
2026-02-10 02:26:37,660 | INFO | --- ⏱️ Ciclo: 2026-02-10 01:26:37 ---
2026-02-10 02:26:37,660 | INFO | 📡 Insertando: Sensor_Patio    | Temp: 19.75°C
2026-02-10 02:26:37,661 | INFO | 📡 Insertando: Sensor_Cocina   | Temp: 16.06°C
2026-02-10 02:26:37,661 | INFO | 📡 Insertando: Sensor_Salon    | Temp: 12.98°C
2026-02-10 02:26:37,661 | INFO | 🔋 Insertando: Bateria_General | 95.0%
2026-02-10 02:26:37,662 | INFO | 💧 Insertando: Humedad_Patio   | 72.1%
2026-02-10 02:26:42,666 | INFO | --- ⏱️ Ciclo: 2026-02-10 01:26:42 ---
2026-02-10 02:26:42,666 | INFO | 📡 Insertando: Sensor_Patio    | Temp: 18.01°C
2026-02-10 02:26:42,667 | INFO | 📡 Insertando: Sensor_Cocina   | Temp: 14.39°C
2026-02-10 02:26:42,668 | INFO | 📡 Insertando: Sensor_Salon    | Temp: 14.79°C
2026-02-10 02:26:42,668 | INFO | 🔋 Insertando: Bateria_General | 94.5%
2026-02-10 02:26:42,668 | INFO | 💧 Insertando: Humedad_Patio   | 72.2%
2026-02-10 02:26:47,676 | INFO | --- ⏱️ Ciclo: 2026-02-10 01:26:47 ---
2026-02-10 02:26:47,677 | INFO | 📡 Insertando: Sensor_Patio    | Temp: 19.83°C
2026-02-10 02:26:47,678 | INFO | 📡 Insertando: Sensor_Cocina   | Temp: 17.00°C
2026-02-10 02:26:47,678 | INFO | 📡 Insertando: Sensor_Salon    | Temp: 11.44°C
2026-02-10 02:26:47,678 | INFO | 🔋 Insertando: Bateria_General | 94.0%
2026-02-10 02:26:47,678 | INFO | 💧 Insertando: Humedad_Patio   | 71.3%
2026-02-10 02:26:52,682 | INFO | --- ⏱️ Ciclo: 2026-02-10 01:26:52 ---
2026-02-10 02:26:52,682 | INFO | 📡 Insertando: Sensor_Patio    | Temp: 17.60°C
2026-02-10 02:26:52,683 | INFO | 📡 Insertando: Sensor_Cocina   | Temp: 19.11°C
2026-02-10 02:26:52,683 | INFO | 📡 Insertando: Sensor_Salon    | Temp: 12.83°C
2026-02-10 02:26:52,683 | INFO | 🔋 Insertando: Bateria_General | 93.5%
2026-02-10 02:26:52,683 | INFO | 💧 Insertando: Humedad_Patio   | 74.3%
2026-02-10 02:26:57,687 | INFO | --- ⏱️ Ciclo: 2026-02-10 01:26:57 ---
2026-02-10 02:26:57,687 | INFO | 📡 Insertando: Sensor_Patio    | Temp: 15.00°C
2026-02-10 02:26:57,687 | INFO | 📡 Insertando: Sensor_Cocina   | Temp: 17.67°C
2026-02-10 02:26:57,687 | INFO | 📡 Insertando: Sensor_Salon    | Temp: 14.64°C
2026-02-10 02:26:57,687 | INFO | 🔋 Insertando: Bateria_General | 93.0%
2026-02-10 02:26:57,687 | INFO | 💧 Insertando: Humedad_Patio   | 78.4%
2026-02-10 02:27:02,690 | INFO | --- ⏱️ Ciclo: 2026-02-10 01:27:02 ---
2026-02-10 02:27:02,691 | INFO | 📡 Insertando: Sensor_Patio    | Temp: 17.57°C
2026-02-10 02:27:02,692 | INFO | 📡 Insertando: Sensor_Cocina   | Temp: 15.02°C
2026-02-10 02:27:02,692 | INFO | 📡 Insertando: Sensor_Salon    | Temp: 12.68°C
2026-02-10 02:27:02,692 | INFO | 🔋 Insertando: Bateria_General | 92.5%
2026-02-10 02:27:02,692 | INFO | 💧 Insertando: Humedad_Patio   | 75.6%
2026-02-10 02:27:07,696 | INFO | --- ⏱️ Ciclo: 2026-02-10 01:27:07 ---
2026-02-10 02:27:07,697 | INFO | 📡 Insertando: Sensor_Patio    | Temp: 15.30°C
2026-02-10 02:27:07,697 | INFO | 📡 Insertando: Sensor_Cocina   | Temp: 16.89°C
2026-02-10 02:27:07,698 | INFO | 📡 Insertando: Sensor_Salon    | Temp: 15.22°C
2026-02-10 02:27:07,698 | INFO | 🔋 Insertando: Bateria_General | 92.0%
2026-02-10 02:27:07,698 | INFO | 💧 Insertando: Humedad_Patio   | 76.4%
2026-02-10 02:27:12,701 | INFO | --- ⏱️ Ciclo: 2026-02-10 01:27:12 ---
2026-02-10 02:27:12,701 | INFO | 📡 Insertando: Sensor_Patio    | Temp: 12.16°C
2026-02-10 02:27:12,701 | INFO | 📡 Insertando: Sensor_Cocina   | Temp: 19.26°C
2026-02-10 02:27:12,701 | INFO | 📡 Insertando: Sensor_Salon    | Temp: 11.87°C
2026-02-10 02:27:12,701 | INFO | 🔋 Insertando: Bateria_General | 91.5%
2026-02-10 02:27:12,702 | INFO | 💧 Insertando: Humedad_Patio   | 81.2%
2026-02-10 02:27:17,705 | INFO | --- ⏱️ Ciclo: 2026-02-10 01:27:17 ---
2026-02-10 02:27:17,706 | INFO | 📡 Insertando: Sensor_Patio    | Temp: 12.88°C
2026-02-10 02:27:17,707 | INFO | 📡 Insertando: Sensor_Cocina   | Temp: 16.59°C
2026-02-10 02:27:17,707 | INFO | 📡 Insertando: Sensor_Salon    | Temp: 13.80°C
2026-02-10 02:27:17,707 | INFO | 🔋 Insertando: Bateria_General | 91.0%
2026-02-10 02:27:17,707 | INFO | 💧 Insertando: Humedad_Patio   | 82.0%
2026-02-10 02:27:22,712 | INFO | --- ⏱️ Ciclo: 2026-02-10 01:27:22 ---
2026-02-10 02:27:22,712 | INFO | 📡 Insertando: Sensor_Patio    | Temp: 12.94°C
2026-02-10 02:27:22,715 | INFO | 📡 Insertando: Sensor_Cocina   | Temp: 19.90°C
2026-02-10 02:27:22,715 | INFO | 📡 Insertando: Sensor_Salon    | Temp: 17.08°C
2026-02-10 02:27:22,715 | INFO | 🔋 Insertando: Bateria_General | 90.5%
2026-02-10 02:27:22,716 | INFO | 💧 Insertando: Humedad_Patio   | 80.8%
2026-02-10 02:27:27,718 | INFO | --- ⏱️ Ciclo: 2026-02-10 01:27:27 ---
2026-02-10 02:27:27,718 | INFO | 📡 Insertando: Sensor_Patio    | Temp: 10.51°C
2026-02-10 02:27:27,719 | INFO | 📡 Insertando: Sensor_Cocina   | Temp: 17.42°C
2026-02-10 02:27:27,719 | INFO | 📡 Insertando: Sensor_Salon    | Temp: 14.91°C
2026-02-10 02:27:27,719 | INFO | 🔋 Insertando: Bateria_General | 90.0%
2026-02-10 02:27:27,719 | INFO | 💧 Insertando: Humedad_Patio   | 85.7%
2026-02-10 02:27:32,724 | INFO | --- ⏱️ Ciclo: 2026-02-10 01:27:32 ---
2026-02-10 02:27:32,724 | INFO | 📡 Insertando: Sensor_Patio    | Temp: 13.46°C
2026-02-10 02:27:32,725 | INFO | 📡 Insertando: Sensor_Cocina   | Temp: 17.31°C
2026-02-10 02:27:32,725 | INFO | 📡 Insertando: Sensor_Salon    | Temp: 12.83°C
2026-02-10 02:27:32,725 | INFO | 🔋 Insertando: Bateria_General | 89.5%
2026-02-10 02:27:32,725 | INFO | 💧 Insertando: Humedad_Patio   | 80.9%
2026-02-10 02:27:37,729 | INFO | --- ⏱️ Ciclo: 2026-02-10 01:27:37 ---
2026-02-10 02:27:37,729 | INFO | 📡 Insertando: Sensor_Patio    | Temp: 15.40°C
2026-02-10 02:27:37,730 | INFO | 📡 Insertando: Sensor_Cocina   | Temp: 19.93°C
2026-02-10 02:27:37,730 | INFO | 📡 Insertando: Sensor_Salon    | Temp: 10.97°C
2026-02-10 02:27:37,730 | INFO | 🔋 Insertando: Bateria_General | 89.0%
2026-02-10 02:27:37,730 | INFO | 💧 Insertando: Humedad_Patio   | 77.9%
2026-02-10 02:27:42,734 | INFO | --- ⏱️ Ciclo: 2026-02-10 01:27:42 ---
2026-02-10 02:27:42,735 | INFO | 📡 Insertando: Sensor_Patio    | Temp: 12.80°C
2026-02-10 02:27:42,736 | INFO | 📡 Insertando: Sensor_Cocina   | Temp: 16.72°C
2026-02-10 02:27:42,736 | INFO | 📡 Insertando: Sensor_Salon    | Temp: 12.11°C
2026-02-10 02:27:42,736 | INFO | 🔋 Insertando: Bateria_General | 88.5%
2026-02-10 02:27:42,736 | INFO | 💧 Insertando: Humedad_Patio   | 79.3%
2026-02-10 02:27:47,740 | INFO | --- ⏱️ Ciclo: 2026-02-10 01:27:47 ---
2026-02-10 02:27:47,740 | INFO | 📡 Insertando: Sensor_Patio    | Temp: 13.22°C
2026-02-10 02:27:47,741 | INFO | 📡 Insertando: Sensor_Cocina   | Temp: 19.46°C
2026-02-10 02:27:47,741 | INFO | 📡 Insertando: Sensor_Salon    | Temp: 10.29°C
2026-02-10 02:27:47,741 | INFO | 🔋 Insertando: Bateria_General | 88.0%
2026-02-10 02:27:47,742 | INFO | 💧 Insertando: Humedad_Patio   | 78.7%
2026-02-10 02:27:52,745 | INFO | --- ⏱️ Ciclo: 2026-02-10 01:27:52 ---
2026-02-10 02:27:52,746 | INFO | 📡 Insertando: Sensor_Patio    | Temp: 14.81°C
2026-02-10 02:27:52,748 | INFO | 📡 Insertando: Sensor_Cocina   | Temp: 17.57°C
2026-02-10 02:27:52,749 | INFO | 📡 Insertando: Sensor_Salon    | Temp: 13.13°C
2026-02-10 02:27:52,749 | INFO | 🔋 Insertando: Bateria_General | 87.5%
2026-02-10 02:27:52,749 | INFO | 💧 Insertando: Humedad_Patio   | 75.9%
2026-02-10 02:27:57,751 | INFO | --- ⏱️ Ciclo: 2026-02-10 01:27:57 ---
2026-02-10 02:27:57,752 | INFO | 📡 Insertando: Sensor_Patio    | Temp: 12.94°C
2026-02-10 02:27:57,753 | INFO | 📡 Insertando: Sensor_Cocina   | Temp: 19.58°C
2026-02-10 02:27:57,753 | INFO | 📡 Insertando: Sensor_Salon    | Temp: 10.02°C
2026-02-10 02:27:57,753 | INFO | 🔋 Insertando: Bateria_General | 87.0%
2026-02-10 02:27:57,753 | INFO | 💧 Insertando: Humedad_Patio   | 80.2%
2026-02-10 02:28:02,757 | INFO | --- ⏱️ Ciclo: 2026-02-10 01:28:02 ---
2026-02-10 02:28:02,757 | INFO | 📡 Insertando: Sensor_Patio    | Temp: 10.88°C
2026-02-10 02:28:02,758 | INFO | 📡 Insertando: Sensor_Cocina   | Temp: 17.14°C
2026-02-10 02:28:02,759 | INFO | 📡 Insertando: Sensor_Salon    | Temp: 12.69°C
2026-02-10 02:28:02,759 | INFO | 🔋 Insertando: Bateria_General | 86.5%
2026-02-10 02:28:02,759 | INFO | 💧 Insertando: Humedad_Patio   | 85.6%
2026-02-10 02:28:07,763 | INFO | --- ⏱️ Ciclo: 2026-02-10 01:28:07 ---
2026-02-10 02:28:07,763 | INFO | 📡 Insertando: Sensor_Patio    | Temp: 13.41°C
2026-02-10 02:28:07,764 | INFO | 📡 Insertando: Sensor_Cocina   | Temp: 14.78°C
2026-02-10 02:28:07,764 | INFO | 📡 Insertando: Sensor_Salon    | Temp: 14.64°C
2026-02-10 02:28:07,764 | INFO | 🔋 Insertando: Bateria_General | 86.0%
2026-02-10 02:28:07,764 | INFO | 💧 Insertando: Humedad_Patio   | 79.1%
2026-02-10 02:28:12,768 | INFO | --- ⏱️ Ciclo: 2026-02-10 01:28:12 ---
2026-02-10 02:28:12,769 | INFO | 📡 Insertando: Sensor_Patio    | Temp: 16.00°C
2026-02-10 02:28:12,770 | INFO | 📡 Insertando: Sensor_Cocina   | Temp: 17.27°C
2026-02-10 02:28:12,770 | INFO | 📡 Insertando: Sensor_Salon    | Temp: 16.87°C
2026-02-10 02:28:12,770 | INFO | 🔋 Insertando: Bateria_General | 85.5%
2026-02-10 02:28:12,770 | INFO | 💧 Insertando: Humedad_Patio   | 74.9%
2026-02-10 02:28:17,775 | INFO | --- ⏱️ Ciclo: 2026-02-10 01:28:17 ---
2026-02-10 02:28:17,775 | INFO | 📡 Insertando: Sensor_Patio    | Temp: 13.22°C
2026-02-10 02:28:17,776 | INFO | 📡 Insertando: Sensor_Cocina   | Temp: 19.90°C
2026-02-10 02:28:17,776 | INFO | 📡 Insertando: Sensor_Salon    | Temp: 14.57°C
2026-02-10 02:28:17,776 | INFO | 🔋 Insertando: Bateria_General | 85.0%
2026-02-10 02:28:17,777 | INFO | 💧 Insertando: Humedad_Patio   | 81.4%
2026-02-10 02:28:22,780 | INFO | --- ⏱️ Ciclo: 2026-02-10 01:28:22 ---
2026-02-10 02:28:22,781 | INFO | 📡 Insertando: Sensor_Patio    | Temp: 10.97°C
2026-02-10 02:28:22,781 | INFO | 📡 Insertando: Sensor_Cocina   | Temp: 17.48°C
2026-02-10 02:28:22,782 | INFO | 📡 Insertando: Sensor_Salon    | Temp: 11.95°C
2026-02-10 02:28:22,782 | INFO | 🔋 Insertando: Bateria_General | 84.5%
2026-02-10 02:28:22,782 | INFO | 💧 Insertando: Humedad_Patio   | 83.6%
2026-02-10 02:28:27,785 | INFO | --- ⏱️ Ciclo: 2026-02-10 01:28:27 ---
2026-02-10 02:28:27,786 | INFO | 📡 Insertando: Sensor_Patio    | Temp: 12.65°C
2026-02-10 02:28:27,786 | INFO | 📡 Insertando: Sensor_Cocina   | Temp: 14.56°C
2026-02-10 02:28:27,786 | INFO | 📡 Insertando: Sensor_Salon    | Temp: 13.25°C
2026-02-10 02:28:27,786 | INFO | 🔋 Insertando: Bateria_General | 84.0%
2026-02-10 02:28:27,786 | INFO | 💧 Insertando: Humedad_Patio   | 80.2%
2026-02-10 02:28:32,790 | INFO | --- ⏱️ Ciclo: 2026-02-10 01:28:32 ---
2026-02-10 02:28:32,790 | INFO | 📡 Insertando: Sensor_Patio    | Temp: 15.26°C
2026-02-10 02:28:32,790 | INFO | 📡 Insertando: Sensor_Cocina   | Temp: 17.66°C
2026-02-10 02:28:32,790 | INFO | 📡 Insertando: Sensor_Salon    | Temp: 16.59°C
2026-02-10 02:28:32,791 | INFO | 🔋 Insertando: Bateria_General | 83.5%
2026-02-10 02:28:32,791 | INFO | 💧 Insertando: Humedad_Patio   | 76.9%
2026-02-10 02:28:37,798 | INFO | --- ⏱️ Ciclo: 2026-02-10 01:28:37 ---
2026-02-10 02:28:37,799 | INFO | 📡 Insertando: Sensor_Patio    | Temp: 12.42°C
2026-02-10 02:28:37,799 | INFO | 📡 Insertando: Sensor_Cocina   | Temp: 17.35°C
2026-02-10 02:28:37,799 | INFO | 📡 Insertando: Sensor_Salon    | Temp: 13.52°C
2026-02-10 02:28:37,799 | INFO | 🔋 Insertando: Bateria_General | 83.0%
2026-02-10 02:28:37,799 | INFO | 💧 Insertando: Humedad_Patio   | 80.4%
2026-02-10 02:28:42,802 | INFO | --- ⏱️ Ciclo: 2026-02-10 01:28:42 ---
2026-02-10 02:28:42,802 | INFO | 📡 Insertando: Sensor_Patio    | Temp: 14.59°C
2026-02-10 02:28:42,803 | INFO | 📡 Insertando: Sensor_Cocina   | Temp: 14.34°C
2026-02-10 02:28:42,803 | INFO | 📡 Insertando: Sensor_Salon    | Temp: 16.31°C
2026-02-10 02:28:42,803 | INFO | 🔋 Insertando: Bateria_General | 82.5%
2026-02-10 02:28:42,803 | INFO | 💧 Insertando: Humedad_Patio   | 80.1%
2026-02-10 02:28:47,806 | INFO | --- ⏱️ Ciclo: 2026-02-10 01:28:47 ---
2026-02-10 02:28:47,806 | INFO | 📡 Insertando: Sensor_Patio    | Temp: 12.74°C
2026-02-10 02:28:47,807 | INFO | 📡 Insertando: Sensor_Cocina   | Temp: 16.12°C
2026-02-10 02:28:47,807 | INFO | 📡 Insertando: Sensor_Salon    | Temp: 19.27°C
2026-02-10 02:28:47,807 | INFO | 🔋 Insertando: Bateria_General | 82.0%
2026-02-10 02:28:47,807 | INFO | 💧 Insertando: Humedad_Patio   | 82.7%
2026-02-10 02:28:52,810 | INFO | --- ⏱️ Ciclo: 2026-02-10 01:28:52 ---
2026-02-10 02:28:52,810 | INFO | 📡 Insertando: Sensor_Patio    | Temp: 10.04°C
2026-02-10 02:28:52,812 | INFO | 📡 Insertando: Sensor_Cocina   | Temp: 19.02°C
2026-02-10 02:28:52,812 | INFO | 📡 Insertando: Sensor_Salon    | Temp: 17.05°C
2026-02-10 02:28:52,813 | INFO | 🔋 Insertando: Bateria_General | 81.5%
2026-02-10 02:28:52,813 | INFO | 💧 Insertando: Humedad_Patio   | 83.5%
2026-02-10 02:28:57,814 | INFO | --- ⏱️ Ciclo: 2026-02-10 01:28:57 ---
2026-02-10 02:28:57,814 | INFO | 📡 Insertando: Sensor_Patio    | Temp: 12.63°C
2026-02-10 02:28:57,814 | INFO | 📡 Insertando: Sensor_Cocina   | Temp: 16.65°C
2026-02-10 02:28:57,814 | INFO | 📡 Insertando: Sensor_Salon    | Temp: 16.88°C
2026-02-10 02:28:57,814 | INFO | 🔋 Insertando: Bateria_General | 81.0%
2026-02-10 02:28:57,814 | INFO | 💧 Insertando: Humedad_Patio   | 80.6%
2026-02-10 02:29:02,817 | INFO | --- ⏱️ Ciclo: 2026-02-10 01:29:02 ---
2026-02-10 02:29:02,818 | INFO | 📡 Insertando: Sensor_Patio    | Temp: 15.18°C
2026-02-10 02:29:02,818 | INFO | 📡 Insertando: Sensor_Cocina   | Temp: 14.56°C
2026-02-10 02:29:02,818 | INFO | 📡 Insertando: Sensor_Salon    | Temp: 19.00°C
2026-02-10 02:29:02,818 | INFO | 🔋 Insertando: Bateria_General | 80.5%
2026-02-10 02:29:02,818 | INFO | 💧 Insertando: Humedad_Patio   | 75.6%
2026-02-10 02:29:07,822 | INFO | --- ⏱️ Ciclo: 2026-02-10 01:29:07 ---
2026-02-10 02:29:07,822 | INFO | 📡 Insertando: Sensor_Patio    | Temp: 17.20°C
2026-02-10 02:29:07,822 | INFO | 📡 Insertando: Sensor_Cocina   | Temp: 17.29°C
2026-02-10 02:29:07,822 | INFO | 📡 Insertando: Sensor_Salon    | Temp: 16.24°C
2026-02-10 02:29:07,822 | INFO | 🔋 Insertando: Bateria_General | 80.0%
2026-02-10 02:29:07,823 | INFO | 💧 Insertando: Humedad_Patio   | 74.7%
2026-02-10 02:29:12,826 | INFO | --- ⏱️ Ciclo: 2026-02-10 01:29:12 ---
2026-02-10 02:29:12,828 | INFO | 📡 Insertando: Sensor_Patio    | Temp: 14.30°C
2026-02-10 02:29:12,828 | INFO | 📡 Insertando: Sensor_Cocina   | Temp: 19.27°C
2026-02-10 02:29:12,828 | INFO | 📡 Insertando: Sensor_Salon    | Temp: 13.17°C
2026-02-10 02:29:12,828 | INFO | 🔋 Insertando: Bateria_General | 79.5%
2026-02-10 02:29:12,828 | INFO | 💧 Insertando: Humedad_Patio   | 80.3%
2026-02-10 02:29:17,830 | INFO | --- ⏱️ Ciclo: 2026-02-10 01:29:17 ---
2026-02-10 02:29:17,830 | INFO | 📡 Insertando: Sensor_Patio    | Temp: 17.40°C
2026-02-10 02:29:17,830 | INFO | 📡 Insertando: Sensor_Cocina   | Temp: 16.13°C
2026-02-10 02:29:17,830 | INFO | 📡 Insertando: Sensor_Salon    | Temp: 15.99°C
2026-02-10 02:29:17,830 | INFO | 🔋 Insertando: Bateria_General | 79.0%
2026-02-10 02:29:17,830 | INFO | 💧 Insertando: Humedad_Patio   | 75.6%
2026-02-10 02:29:22,833 | INFO | --- ⏱️ Ciclo: 2026-02-10 01:29:22 ---
2026-02-10 02:29:22,833 | INFO | 📡 Insertando: Sensor_Patio    | Temp: 15.37°C
2026-02-10 02:29:22,834 | INFO | 📡 Insertando: Sensor_Cocina   | Temp: 19.31°C
2026-02-10 02:29:22,834 | INFO | 📡 Insertando: Sensor_Salon    | Temp: 18.79°C
2026-02-10 02:29:22,834 | INFO | 🔋 Insertando: Bateria_General | 78.5%
2026-02-10 02:29:22,834 | INFO | 💧 Insertando: Humedad_Patio   | 78.6%
2026-02-10 02:29:27,837 | INFO | --- ⏱️ Ciclo: 2026-02-10 01:29:27 ---
2026-02-10 02:29:27,838 | INFO | 📡 Insertando: Sensor_Patio    | Temp: 17.80°C
2026-02-10 02:29:27,838 | INFO | 📡 Insertando: Sensor_Cocina   | Temp: 16.78°C
2026-02-10 02:29:27,839 | INFO | 📡 Insertando: Sensor_Salon    | Temp: 18.03°C
2026-02-10 02:29:27,839 | INFO | 🔋 Insertando: Bateria_General | 78.0%
2026-02-10 02:29:27,839 | INFO | 💧 Insertando: Humedad_Patio   | 74.2%
2026-02-10 02:29:32,843 | INFO | --- ⏱️ Ciclo: 2026-02-10 01:29:32 ---
2026-02-10 02:29:32,843 | INFO | 📡 Insertando: Sensor_Patio    | Temp: 15.52°C
2026-02-10 02:29:32,844 | INFO | 📡 Insertando: Sensor_Cocina   | Temp: 18.99°C
2026-02-10 02:29:32,844 | INFO | 📡 Insertando: Sensor_Salon    | Temp: 15.23°C
2026-02-10 02:29:32,844 | INFO | 🔋 Insertando: Bateria_General | 77.5%
2026-02-10 02:29:32,844 | INFO | 💧 Insertando: Humedad_Patio   | 75.2%
2026-02-10 02:29:37,852 | INFO | --- ⏱️ Ciclo: 2026-02-10 01:29:37 ---
2026-02-10 02:29:37,853 | INFO | 📡 Insertando: Sensor_Patio    | Temp: 13.24°C
2026-02-10 02:29:37,854 | INFO | 📡 Insertando: Sensor_Cocina   | Temp: 17.52°C
2026-02-10 02:29:37,854 | INFO | 📡 Insertando: Sensor_Salon    | Temp: 13.17°C
2026-02-10 02:29:37,854 | INFO | 🔋 Insertando: Bateria_General | 77.0%
2026-02-10 02:29:37,854 | INFO | 💧 Insertando: Humedad_Patio   | 80.9%
2026-02-10 02:29:42,858 | INFO | --- ⏱️ Ciclo: 2026-02-10 01:29:42 ---
2026-02-10 02:29:42,858 | INFO | 📡 Insertando: Sensor_Patio    | Temp: 11.32°C
2026-02-10 02:29:42,865 | INFO | 📡 Insertando: Sensor_Cocina   | Temp: 17.52°C
2026-02-10 02:29:42,865 | INFO | 📡 Insertando: Sensor_Salon    | Temp: 15.01°C
2026-02-10 02:29:42,865 | INFO | 🔋 Insertando: Bateria_General | 76.5%
2026-02-10 02:29:42,865 | INFO | 💧 Insertando: Humedad_Patio   | 81.2%
2026-02-10 02:29:47,868 | INFO | --- ⏱️ Ciclo: 2026-02-10 01:29:47 ---
2026-02-10 02:29:47,868 | INFO | 📡 Insertando: Sensor_Patio    | Temp: 12.92°C
2026-02-10 02:29:47,869 | INFO | 📡 Insertando: Sensor_Cocina   | Temp: 15.10°C
2026-02-10 02:29:47,869 | INFO | 📡 Insertando: Sensor_Salon    | Temp: 16.90°C
2026-02-10 02:29:47,869 | INFO | 🔋 Insertando: Bateria_General | 76.0%
2026-02-10 02:29:47,869 | INFO | 💧 Insertando: Humedad_Patio   | 81.6%
2026-02-10 02:29:52,873 | INFO | --- ⏱️ Ciclo: 2026-02-10 01:29:52 ---
2026-02-10 02:29:52,874 | INFO | 📡 Insertando: Sensor_Patio    | Temp: 10.55°C
2026-02-10 02:29:52,876 | INFO | 📡 Insertando: Sensor_Cocina   | Temp: 12.71°C
2026-02-10 02:29:52,876 | INFO | 📡 Insertando: Sensor_Salon    | Temp: 19.67°C
2026-02-10 02:29:52,876 | INFO | 🔋 Insertando: Bateria_General | 75.5%
2026-02-10 02:29:52,876 | INFO | 💧 Insertando: Humedad_Patio   | 84.0%
2026-02-10 02:29:57,878 | INFO | --- ⏱️ Ciclo: 2026-02-10 01:29:57 ---
2026-02-10 02:29:57,878 | INFO | 📡 Insertando: Sensor_Patio    | Temp: 12.78°C
2026-02-10 02:29:57,879 | INFO | 📡 Insertando: Sensor_Cocina   | Temp: 10.49°C
2026-02-10 02:29:57,879 | INFO | 📡 Insertando: Sensor_Salon    | Temp: 17.02°C
2026-02-10 02:29:57,879 | INFO | 🔋 Insertando: Bateria_General | 75.0%
2026-02-10 02:29:57,879 | INFO | 💧 Insertando: Humedad_Patio   | 81.0%
2026-02-10 02:30:02,883 | INFO | --- ⏱️ Ciclo: 2026-02-10 01:30:02 ---
2026-02-10 02:30:02,884 | INFO | 📡 Insertando: Sensor_Patio    | Temp: 15.66°C
2026-02-10 02:30:02,885 | INFO | 📡 Insertando: Sensor_Cocina   | Temp: 12.10°C
2026-02-10 02:30:02,885 | INFO | 📡 Insertando: Sensor_Salon    | Temp: 14.18°C
2026-02-10 02:30:02,885 | INFO | 🔋 Insertando: Bateria_General | 74.5%
2026-02-10 02:30:02,885 | INFO | 💧 Insertando: Humedad_Patio   | 77.2%
2026-02-10 02:30:07,889 | INFO | --- ⏱️ Ciclo: 2026-02-10 01:30:07 ---
2026-02-10 02:30:07,890 | INFO | 📡 Insertando: Sensor_Patio    | Temp: 17.12°C
2026-02-10 02:30:07,891 | INFO | 📡 Insertando: Sensor_Cocina   | Temp: 15.12°C
2026-02-10 02:30:07,891 | INFO | 📡 Insertando: Sensor_Salon    | Temp: 12.20°C
2026-02-10 02:30:07,891 | INFO | 🔋 Insertando: Bateria_General | 74.0%
2026-02-10 02:30:07,891 | INFO | 💧 Insertando: Humedad_Patio   | 72.9%
2026-02-10 02:30:12,895 | INFO | --- ⏱️ Ciclo: 2026-02-10 01:30:12 ---
2026-02-10 02:30:12,895 | INFO | 📡 Insertando: Sensor_Patio    | Temp: 16.75°C
2026-02-10 02:30:12,896 | INFO | 📡 Insertando: Sensor_Cocina   | Temp: 12.37°C
2026-02-10 02:30:12,896 | INFO | 📡 Insertando: Sensor_Salon    | Temp: 12.38°C
2026-02-10 02:30:12,896 | INFO | 🔋 Insertando: Bateria_General | 73.5%
2026-02-10 02:30:12,896 | INFO | 💧 Insertando: Humedad_Patio   | 74.6%
2026-02-10 02:30:17,900 | INFO | --- ⏱️ Ciclo: 2026-02-10 01:30:17 ---
2026-02-10 02:30:17,900 | INFO | 📡 Insertando: Sensor_Patio    | Temp: 14.53°C
2026-02-10 02:30:17,901 | INFO | 📡 Insertando: Sensor_Cocina   | Temp: 14.90°C
2026-02-10 02:30:17,901 | INFO | 📡 Insertando: Sensor_Salon    | Temp: 14.64°C
2026-02-10 02:30:17,901 | INFO | 🔋 Insertando: Bateria_General | 73.0%
2026-02-10 02:30:17,902 | INFO | 💧 Insertando: Humedad_Patio   | 77.2%
2026-02-10 02:30:22,906 | INFO | --- ⏱️ Ciclo: 2026-02-10 01:30:22 ---
2026-02-10 02:30:22,906 | INFO | 📡 Insertando: Sensor_Patio    | Temp: 12.16°C
2026-02-10 02:30:22,907 | INFO | 📡 Insertando: Sensor_Cocina   | Temp: 16.70°C
2026-02-10 02:30:22,907 | INFO | 📡 Insertando: Sensor_Salon    | Temp: 12.66°C
2026-02-10 02:30:22,908 | INFO | 🔋 Insertando: Bateria_General | 72.5%
2026-02-10 02:30:22,908 | INFO | 💧 Insertando: Humedad_Patio   | 82.7%
2026-02-10 02:30:27,916 | INFO | --- ⏱️ Ciclo: 2026-02-10 01:30:27 ---
2026-02-10 02:30:27,916 | INFO | 📡 Insertando: Sensor_Patio    | Temp: 14.54°C
2026-02-10 02:30:27,917 | INFO | 📡 Insertando: Sensor_Cocina   | Temp: 19.14°C
2026-02-10 02:30:27,917 | INFO | 📡 Insertando: Sensor_Salon    | Temp: 15.44°C
2026-02-10 02:30:27,917 | INFO | 🔋 Insertando: Bateria_General | 72.0%
2026-02-10 02:30:27,917 | INFO | 💧 Insertando: Humedad_Patio   | 78.1%
2026-02-10 02:30:32,921 | INFO | --- ⏱️ Ciclo: 2026-02-10 01:30:32 ---
2026-02-10 02:30:32,922 | INFO | 📡 Insertando: Sensor_Patio    | Temp: 11.85°C
2026-02-10 02:30:32,923 | INFO | 📡 Insertando: Sensor_Cocina   | Temp: 16.68°C
2026-02-10 02:30:32,923 | INFO | 📡 Insertando: Sensor_Salon    | Temp: 17.86°C
2026-02-10 02:30:32,923 | INFO | 🔋 Insertando: Bateria_General | 71.5%
2026-02-10 02:30:32,923 | INFO | 💧 Insertando: Humedad_Patio   | 80.6%
2026-02-10 02:30:37,927 | INFO | --- ⏱️ Ciclo: 2026-02-10 01:30:37 ---
2026-02-10 02:30:37,928 | INFO | 📡 Insertando: Sensor_Patio    | Temp: 12.12°C
2026-02-10 02:30:37,929 | INFO | 📡 Insertando: Sensor_Cocina   | Temp: 14.04°C
2026-02-10 02:30:37,929 | INFO | 📡 Insertando: Sensor_Salon    | Temp: 15.99°C
2026-02-10 02:30:37,929 | INFO | 🔋 Insertando: Bateria_General | 71.0%
2026-02-10 02:30:37,929 | INFO | 💧 Insertando: Humedad_Patio   | 82.0%
2026-02-10 02:30:42,933 | INFO | --- ⏱️ Ciclo: 2026-02-10 01:30:42 ---
2026-02-10 02:30:42,933 | INFO | 📡 Insertando: Sensor_Patio    | Temp: 12.46°C
2026-02-10 02:30:42,935 | INFO | 📡 Insertando: Sensor_Cocina   | Temp: 11.43°C
2026-02-10 02:30:42,935 | INFO | 📡 Insertando: Sensor_Salon    | Temp: 13.67°C
2026-02-10 02:30:42,935 | INFO | 🔋 Insertando: Bateria_General | 70.5%
2026-02-10 02:30:42,935 | INFO | 💧 Insertando: Humedad_Patio   | 79.5%
2026-02-10 02:30:47,937 | INFO | --- ⏱️ Ciclo: 2026-02-10 01:30:47 ---
2026-02-10 02:30:47,937 | INFO | 📡 Insertando: Sensor_Patio    | Temp: 14.96°C
2026-02-10 02:30:47,938 | INFO | 📡 Insertando: Sensor_Cocina   | Temp: 12.39°C
2026-02-10 02:30:47,938 | INFO | 📡 Insertando: Sensor_Salon    | Temp: 16.26°C
2026-02-10 02:30:47,938 | INFO | 🔋 Insertando: Bateria_General | 70.0%
2026-02-10 02:30:47,938 | INFO | 💧 Insertando: Humedad_Patio   | 76.6%
2026-02-10 02:30:52,942 | INFO | --- ⏱️ Ciclo: 2026-02-10 01:30:52 ---
2026-02-10 02:30:52,942 | INFO | 📡 Insertando: Sensor_Patio    | Temp: 12.09°C
2026-02-10 02:30:52,950 | INFO | 📡 Insertando: Sensor_Cocina   | Temp: 15.33°C
2026-02-10 02:30:52,950 | INFO | 📡 Insertando: Sensor_Salon    | Temp: 13.98°C
2026-02-10 02:30:52,950 | INFO | 🔋 Insertando: Bateria_General | 69.5%
2026-02-10 02:30:52,950 | INFO | 💧 Insertando: Humedad_Patio   | 81.2%
2026-02-10 02:30:57,967 | INFO | --- ⏱️ Ciclo: 2026-02-10 01:30:57 ---
2026-02-10 02:30:57,967 | INFO | 📡 Insertando: Sensor_Patio    | Temp: 12.39°C
2026-02-10 02:30:57,968 | INFO | 📡 Insertando: Sensor_Cocina   | Temp: 12.75°C
2026-02-10 02:30:57,968 | INFO | 📡 Insertando: Sensor_Salon    | Temp: 16.38°C
2026-02-10 02:30:57,968 | INFO | 🔋 Insertando: Bateria_General | 69.0%
2026-02-10 02:30:57,968 | INFO | 💧 Insertando: Humedad_Patio   | 82.9%
2026-02-10 02:31:02,972 | INFO | --- ⏱️ Ciclo: 2026-02-10 01:31:02 ---
2026-02-10 02:31:02,973 | INFO | 📡 Insertando: Sensor_Patio    | Temp: 15.04°C
2026-02-10 02:31:02,973 | INFO | 📡 Insertando: Sensor_Cocina   | Temp: 15.32°C
2026-02-10 02:31:02,974 | INFO | 📡 Insertando: Sensor_Salon    | Temp: 19.03°C
2026-02-10 02:31:02,974 | INFO | 🔋 Insertando: Bateria_General | 68.5%
2026-02-10 02:31:02,974 | INFO | 💧 Insertando: Humedad_Patio   | 75.8%
2026-02-10 02:31:07,978 | INFO | --- ⏱️ Ciclo: 2026-02-10 01:31:07 ---
2026-02-10 02:31:07,978 | INFO | 📡 Insertando: Sensor_Patio    | Temp: 12.60°C
2026-02-10 02:31:07,979 | INFO | 📡 Insertando: Sensor_Cocina   | Temp: 17.95°C
2026-02-10 02:31:07,979 | INFO | 📡 Insertando: Sensor_Salon    | Temp: 17.72°C
2026-02-10 02:31:07,980 | INFO | 🔋 Insertando: Bateria_General | 68.0%
2026-02-10 02:31:07,980 | INFO | 💧 Insertando: Humedad_Patio   | 80.9%
2026-02-10 02:31:12,984 | INFO | --- ⏱️ Ciclo: 2026-02-10 01:31:12 ---
2026-02-10 02:31:12,984 | INFO | 📡 Insertando: Sensor_Patio    | Temp: 14.73°C
2026-02-10 02:31:12,985 | INFO | 📡 Insertando: Sensor_Cocina   | Temp: 15.22°C
2026-02-10 02:31:12,985 | INFO | 📡 Insertando: Sensor_Salon    | Temp: 17.15°C
2026-02-10 02:31:12,985 | INFO | 🔋 Insertando: Bateria_General | 67.5%
2026-02-10 02:31:12,985 | INFO | 💧 Insertando: Humedad_Patio   | 76.1%
2026-02-10 02:31:17,989 | INFO | --- ⏱️ Ciclo: 2026-02-10 01:31:17 ---
2026-02-10 02:31:17,989 | INFO | 📡 Insertando: Sensor_Patio    | Temp: 18.35°C
2026-02-10 02:31:17,990 | INFO | 📡 Insertando: Sensor_Cocina   | Temp: 17.71°C
2026-02-10 02:31:17,990 | INFO | 📡 Insertando: Sensor_Salon    | Temp: 19.42°C
2026-02-10 02:31:17,990 | INFO | 🔋 Insertando: Bateria_General | 67.0%
2026-02-10 02:31:17,990 | INFO | 💧 Insertando: Humedad_Patio   | 70.9%
2026-02-10 02:31:22,994 | INFO | --- ⏱️ Ciclo: 2026-02-10 01:31:22 ---
2026-02-10 02:31:22,994 | INFO | 📡 Insertando: Sensor_Patio    | Temp: 16.76°C
2026-02-10 02:31:22,995 | INFO | 📡 Insertando: Sensor_Cocina   | Temp: 19.87°C
2026-02-10 02:31:22,995 | INFO | 📡 Insertando: Sensor_Salon    | Temp: 17.80°C
2026-02-10 02:31:22,996 | INFO | 🔋 Insertando: Bateria_General | 66.5%
2026-02-10 02:31:22,996 | INFO | 💧 Insertando: Humedad_Patio   | 74.4%
2026-02-10 02:31:28,000 | INFO | --- ⏱️ Ciclo: 2026-02-10 01:31:28 ---
2026-02-10 02:31:28,000 | INFO | 📡 Insertando: Sensor_Patio    | Temp: 14.44°C
2026-02-10 02:31:28,001 | INFO | 📡 Insertando: Sensor_Cocina   | Temp: 17.80°C
2026-02-10 02:31:28,002 | INFO | 📡 Insertando: Sensor_Salon    | Temp: 16.28°C
2026-02-10 02:31:28,002 | INFO | 🔋 Insertando: Bateria_General | 66.0%
2026-02-10 02:31:28,002 | INFO | 💧 Insertando: Humedad_Patio   | 77.1%
2026-02-10 02:31:33,006 | INFO | --- ⏱️ Ciclo: 2026-02-10 01:31:33 ---
2026-02-10 02:31:33,006 | INFO | 📡 Insertando: Sensor_Patio    | Temp: 16.89°C
2026-02-10 02:31:33,007 | INFO | 📡 Insertando: Sensor_Cocina   | Temp: 16.07°C
2026-02-10 02:31:33,007 | INFO | 📡 Insertando: Sensor_Salon    | Temp: 18.67°C
2026-02-10 02:31:33,007 | INFO | 🔋 Insertando: Bateria_General | 65.5%
2026-02-10 02:31:33,007 | INFO | 💧 Insertando: Humedad_Patio   | 72.7%
2026-02-10 02:31:38,016 | INFO | --- ⏱️ Ciclo: 2026-02-10 01:31:38 ---
2026-02-10 02:31:38,016 | INFO | 📡 Insertando: Sensor_Patio    | Temp: 18.43°C
2026-02-10 02:31:38,017 | INFO | 📡 Insertando: Sensor_Cocina   | Temp: 19.10°C
2026-02-10 02:31:38,018 | INFO | 📡 Insertando: Sensor_Salon    | Temp: 17.66°C
2026-02-10 02:31:38,018 | INFO | 🔋 Insertando: Bateria_General | 65.0%
2026-02-10 02:31:38,018 | INFO | 💧 Insertando: Humedad_Patio   | 73.7%
2026-02-10 02:31:43,022 | INFO | --- ⏱️ Ciclo: 2026-02-10 01:31:43 ---
2026-02-10 02:31:43,022 | INFO | 📡 Insertando: Sensor_Patio    | Temp: 17.30°C
2026-02-10 02:31:43,023 | INFO | 📡 Insertando: Sensor_Cocina   | Temp: 17.93°C
2026-02-10 02:31:43,023 | INFO | 📡 Insertando: Sensor_Salon    | Temp: 14.92°C
2026-02-10 02:31:43,023 | INFO | 🔋 Insertando: Bateria_General | 64.5%
2026-02-10 02:31:43,023 | INFO | 💧 Insertando: Humedad_Patio   | 74.9%
2026-02-10 02:31:48,028 | INFO | --- ⏱️ Ciclo: 2026-02-10 01:31:48 ---
2026-02-10 02:31:48,028 | INFO | 📡 Insertando: Sensor_Patio    | Temp: 17.06°C
2026-02-10 02:31:48,028 | INFO | 📡 Insertando: Sensor_Cocina   | Temp: 15.81°C
2026-02-10 02:31:48,028 | INFO | 📡 Insertando: Sensor_Salon    | Temp: 17.55°C
2026-02-10 02:31:48,028 | INFO | 🔋 Insertando: Bateria_General | 64.0%
2026-02-10 02:31:48,028 | INFO | 💧 Insertando: Humedad_Patio   | 73.1%
2026-02-10 02:31:53,031 | INFO | --- ⏱️ Ciclo: 2026-02-10 01:31:53 ---
2026-02-10 02:31:53,033 | INFO | 📡 Insertando: Sensor_Patio    | Temp: 16.78°C
2026-02-10 02:31:53,033 | INFO | 📡 Insertando: Sensor_Cocina   | Temp: 13.34°C
2026-02-10 02:31:53,033 | INFO | 📡 Insertando: Sensor_Salon    | Temp: 14.79°C
2026-02-10 02:31:53,033 | INFO | 🔋 Insertando: Bateria_General | 63.5%
2026-02-10 02:31:53,034 | INFO | 💧 Insertando: Humedad_Patio   | 76.5%
2026-02-10 02:31:58,035 | INFO | --- ⏱️ Ciclo: 2026-02-10 01:31:58 ---
2026-02-10 02:31:58,036 | INFO | 📡 Insertando: Sensor_Patio    | Temp: 14.39°C
2026-02-10 02:31:58,036 | INFO | 📡 Insertando: Sensor_Cocina   | Temp: 16.18°C
2026-02-10 02:31:58,036 | INFO | 📡 Insertando: Sensor_Salon    | Temp: 17.80°C
2026-02-10 02:31:58,036 | INFO | 🔋 Insertando: Bateria_General | 63.0%
2026-02-10 02:31:58,036 | INFO | 💧 Insertando: Humedad_Patio   | 77.6%
2026-02-10 02:32:03,040 | INFO | --- ⏱️ Ciclo: 2026-02-10 01:32:03 ---
2026-02-10 02:32:03,040 | INFO | 📡 Insertando: Sensor_Patio    | Temp: 16.49°C
2026-02-10 02:32:03,041 | INFO | 📡 Insertando: Sensor_Cocina   | Temp: 18.38°C
2026-02-10 02:32:03,041 | INFO | 📡 Insertando: Sensor_Salon    | Temp: 15.90°C
2026-02-10 02:32:03,041 | INFO | 🔋 Insertando: Bateria_General | 62.5%
2026-02-10 02:32:03,042 | INFO | 💧 Insertando: Humedad_Patio   | 75.4%
2026-02-10 02:32:08,050 | INFO | --- ⏱️ Ciclo: 2026-02-10 01:32:08 ---
2026-02-10 02:32:08,050 | INFO | 📡 Insertando: Sensor_Patio    | Temp: 14.13°C
2026-02-10 02:32:08,051 | INFO | 📡 Insertando: Sensor_Cocina   | Temp: 17.84°C
2026-02-10 02:32:08,051 | INFO | 📡 Insertando: Sensor_Salon    | Temp: 13.20°C
2026-02-10 02:32:08,051 | INFO | 🔋 Insertando: Bateria_General | 62.0%
2026-02-10 02:32:08,051 | INFO | 💧 Insertando: Humedad_Patio   | 77.1%
2026-02-10 02:32:13,055 | INFO | --- ⏱️ Ciclo: 2026-02-10 01:32:13 ---
2026-02-10 02:32:13,055 | INFO | 📡 Insertando: Sensor_Patio    | Temp: 16.80°C
2026-02-10 02:32:13,055 | INFO | 📡 Insertando: Sensor_Cocina   | Temp: 14.99°C
2026-02-10 02:32:13,055 | INFO | 📡 Insertando: Sensor_Salon    | Temp: 11.18°C
2026-02-10 02:32:13,055 | INFO | 🔋 Insertando: Bateria_General | 61.5%
2026-02-10 02:32:13,056 | INFO | 💧 Insertando: Humedad_Patio   | 74.3%
2026-02-10 02:32:18,059 | INFO | --- ⏱️ Ciclo: 2026-02-10 01:32:18 ---
2026-02-10 02:32:18,060 | INFO | 📡 Insertando: Sensor_Patio    | Temp: 19.90°C
2026-02-10 02:32:18,061 | INFO | 📡 Insertando: Sensor_Cocina   | Temp: 17.93°C
2026-02-10 02:32:18,061 | INFO | 📡 Insertando: Sensor_Salon    | Temp: 14.03°C
2026-02-10 02:32:18,062 | INFO | 🔋 Insertando: Bateria_General | 61.0%
2026-02-10 02:32:18,062 | INFO | 💧 Insertando: Humedad_Patio   | 69.2%
2026-02-10 02:32:23,066 | INFO | --- ⏱️ Ciclo: 2026-02-10 01:32:23 ---
2026-02-10 02:32:23,067 | INFO | 📡 Insertando: Sensor_Patio    | Temp: 17.39°C
2026-02-10 02:32:23,067 | INFO | 📡 Insertando: Sensor_Cocina   | Temp: 19.71°C
2026-02-10 02:32:23,068 | INFO | 📡 Insertando: Sensor_Salon    | Temp: 11.09°C
2026-02-10 02:32:23,068 | INFO | 🔋 Insertando: Bateria_General | 60.5%
2026-02-10 02:32:23,068 | INFO | 💧 Insertando: Humedad_Patio   | 72.8%
2026-02-10 02:32:28,072 | INFO | --- ⏱️ Ciclo: 2026-02-10 01:32:28 ---
2026-02-10 02:32:28,072 | INFO | 📡 Insertando: Sensor_Patio    | Temp: 14.97°C
2026-02-10 02:32:28,072 | INFO | 📡 Insertando: Sensor_Cocina   | Temp: 17.80°C
2026-02-10 02:32:28,072 | INFO | 📡 Insertando: Sensor_Salon    | Temp: 11.98°C
2026-02-10 02:32:28,072 | INFO | 🔋 Insertando: Bateria_General | 60.0%
2026-02-10 02:32:28,072 | INFO | 💧 Insertando: Humedad_Patio   | 76.8%
2026-02-10 02:32:33,074 | INFO | --- ⏱️ Ciclo: 2026-02-10 01:32:33 ---
2026-02-10 02:32:33,074 | INFO | 📡 Insertando: Sensor_Patio    | Temp: 17.48°C
2026-02-10 02:32:33,075 | INFO | 📡 Insertando: Sensor_Cocina   | Temp: 15.30°C
2026-02-10 02:32:33,075 | INFO | 📡 Insertando: Sensor_Salon    | Temp: 12.15°C
2026-02-10 02:32:33,075 | INFO | 🔋 Insertando: Bateria_General | 59.5%
2026-02-10 02:32:33,075 | INFO | 💧 Insertando: Humedad_Patio   | 72.5%
2026-02-10 02:32:38,079 | INFO | --- ⏱️ Ciclo: 2026-02-10 01:32:38 ---
2026-02-10 02:32:38,079 | INFO | 📡 Insertando: Sensor_Patio    | Temp: 19.24°C
2026-02-10 02:32:38,080 | INFO | 📡 Insertando: Sensor_Cocina   | Temp: 12.29°C
2026-02-10 02:32:38,080 | INFO | 📡 Insertando: Sensor_Salon    | Temp: 13.26°C
2026-02-10 02:32:38,080 | INFO | 🔋 Insertando: Bateria_General | 59.0%
2026-02-10 02:32:38,081 | INFO | 💧 Insertando: Humedad_Patio   | 72.7%
2026-02-10 02:32:43,085 | INFO | --- ⏱️ Ciclo: 2026-02-10 01:32:43 ---
2026-02-10 02:32:43,085 | INFO | 📡 Insertando: Sensor_Patio    | Temp: 17.30°C
2026-02-10 02:32:43,086 | INFO | 📡 Insertando: Sensor_Cocina   | Temp: 14.84°C
2026-02-10 02:32:43,086 | INFO | 📡 Insertando: Sensor_Salon    | Temp: 15.68°C
2026-02-10 02:32:43,086 | INFO | 🔋 Insertando: Bateria_General | 58.5%
2026-02-10 02:32:43,087 | INFO | 💧 Insertando: Humedad_Patio   | 75.7%
2026-02-10 02:32:48,092 | INFO | --- ⏱️ Ciclo: 2026-02-10 01:32:48 ---
2026-02-10 02:32:48,092 | INFO | 📡 Insertando: Sensor_Patio    | Temp: 14.96°C
2026-02-10 02:32:48,092 | INFO | 📡 Insertando: Sensor_Cocina   | Temp: 12.12°C
2026-02-10 02:32:48,093 | INFO | 📡 Insertando: Sensor_Salon    | Temp: 13.32°C
2026-02-10 02:32:48,093 | INFO | 🔋 Insertando: Bateria_General | 58.0%
2026-02-10 02:32:48,093 | INFO | 💧 Insertando: Humedad_Patio   | 79.2%
2026-02-10 02:32:53,097 | INFO | --- ⏱️ Ciclo: 2026-02-10 01:32:53 ---
2026-02-10 02:32:53,098 | INFO | 📡 Insertando: Sensor_Patio    | Temp: 13.24°C
2026-02-10 02:32:53,098 | INFO | 📡 Insertando: Sensor_Cocina   | Temp: 12.20°C
2026-02-10 02:32:53,099 | INFO | 📡 Insertando: Sensor_Salon    | Temp: 11.15°C
2026-02-10 02:32:53,099 | INFO | 🔋 Insertando: Bateria_General | 57.5%
2026-02-10 02:32:53,100 | INFO | 💧 Insertando: Humedad_Patio   | 81.0%
2026-02-10 02:32:58,104 | INFO | --- ⏱️ Ciclo: 2026-02-10 01:32:58 ---
2026-02-10 02:32:58,105 | INFO | 📡 Insertando: Sensor_Patio    | Temp: 15.43°C
2026-02-10 02:32:58,106 | INFO | 📡 Insertando: Sensor_Cocina   | Temp: 14.83°C
2026-02-10 02:32:58,106 | INFO | 📡 Insertando: Sensor_Salon    | Temp: 12.52°C
2026-02-10 02:32:58,106 | INFO | 🔋 Insertando: Bateria_General | 57.0%
2026-02-10 02:32:58,106 | INFO | 💧 Insertando: Humedad_Patio   | 75.4%
2026-02-10 02:33:03,110 | INFO | --- ⏱️ Ciclo: 2026-02-10 01:33:03 ---
2026-02-10 02:33:03,111 | INFO | 📡 Insertando: Sensor_Patio    | Temp: 18.47°C
2026-02-10 02:33:03,111 | INFO | 📡 Insertando: Sensor_Cocina   | Temp: 17.37°C
2026-02-10 02:33:03,112 | INFO | 📡 Insertando: Sensor_Salon    | Temp: 15.55°C
2026-02-10 02:33:03,112 | INFO | 🔋 Insertando: Bateria_General | 56.5%
2026-02-10 02:33:03,112 | INFO | 💧 Insertando: Humedad_Patio   | 74.3%
2026-02-10 02:33:08,115 | INFO | --- ⏱️ Ciclo: 2026-02-10 01:33:08 ---
2026-02-10 02:33:08,116 | INFO | 📡 Insertando: Sensor_Patio    | Temp: 15.56°C
2026-02-10 02:33:08,116 | INFO | 📡 Insertando: Sensor_Cocina   | Temp: 16.50°C
2026-02-10 02:33:08,117 | INFO | 📡 Insertando: Sensor_Salon    | Temp: 18.18°C
2026-02-10 02:33:08,117 | INFO | 🔋 Insertando: Bateria_General | 56.0%
2026-02-10 02:33:08,117 | INFO | 💧 Insertando: Humedad_Patio   | 75.8%
2026-02-10 02:33:13,121 | INFO | --- ⏱️ Ciclo: 2026-02-10 01:33:13 ---
2026-02-10 02:33:13,121 | INFO | 📡 Insertando: Sensor_Patio    | Temp: 13.04°C
2026-02-10 02:33:13,122 | INFO | 📡 Insertando: Sensor_Cocina   | Temp: 13.24°C
2026-02-10 02:33:13,122 | INFO | 📡 Insertando: Sensor_Salon    | Temp: 17.55°C
2026-02-10 02:33:13,122 | INFO | 🔋 Insertando: Bateria_General | 55.5%
2026-02-10 02:33:13,122 | INFO | 💧 Insertando: Humedad_Patio   | 80.5%
2026-02-10 02:33:18,126 | INFO | --- ⏱️ Ciclo: 2026-02-10 01:33:18 ---
2026-02-10 02:33:18,126 | INFO | 📡 Insertando: Sensor_Patio    | Temp: 15.40°C
2026-02-10 02:33:18,127 | INFO | 📡 Insertando: Sensor_Cocina   | Temp: 10.04°C
2026-02-10 02:33:18,127 | INFO | 📡 Insertando: Sensor_Salon    | Temp: 19.98°C
2026-02-10 02:33:18,127 | INFO | 🔋 Insertando: Bateria_General | 55.0%
2026-02-10 02:33:18,127 | INFO | 💧 Insertando: Humedad_Patio   | 77.3%
2026-02-10 02:33:23,131 | INFO | --- ⏱️ Ciclo: 2026-02-10 01:33:23 ---
2026-02-10 02:33:23,132 | INFO | 📡 Insertando: Sensor_Patio    | Temp: 18.17°C
2026-02-10 02:33:23,132 | INFO | 📡 Insertando: Sensor_Cocina   | Temp: 12.51°C
2026-02-10 02:33:23,133 | INFO | 📡 Insertando: Sensor_Salon    | Temp: 17.72°C
2026-02-10 02:33:23,133 | INFO | 🔋 Insertando: Bateria_General | 54.5%
2026-02-10 02:33:23,133 | INFO | 💧 Insertando: Humedad_Patio   | 74.7%
2026-02-10 02:33:28,137 | INFO | --- ⏱️ Ciclo: 2026-02-10 01:33:28 ---
2026-02-10 02:33:28,137 | INFO | 📡 Insertando: Sensor_Patio    | Temp: 16.78°C
2026-02-10 02:33:28,138 | INFO | 📡 Insertando: Sensor_Cocina   | Temp: 10.30°C
2026-02-10 02:33:28,138 | INFO | 📡 Insertando: Sensor_Salon    | Temp: 19.68°C
2026-02-10 02:33:28,138 | INFO | 🔋 Insertando: Bateria_General | 54.0%
2026-02-10 02:33:28,138 | INFO | 💧 Insertando: Humedad_Patio   | 74.0%
2026-02-10 02:33:33,142 | INFO | --- ⏱️ Ciclo: 2026-02-10 01:33:33 ---
2026-02-10 02:33:33,142 | INFO | 📡 Insertando: Sensor_Patio    | Temp: 19.28°C
2026-02-10 02:33:33,143 | INFO | 📡 Insertando: Sensor_Cocina   | Temp: 13.25°C
2026-02-10 02:33:33,143 | INFO | 📡 Insertando: Sensor_Salon    | Temp: 18.15°C
2026-02-10 02:33:33,143 | INFO | 🔋 Insertando: Bateria_General | 53.5%
2026-02-10 02:33:33,144 | INFO | 💧 Insertando: Humedad_Patio   | 70.9%
2026-02-10 02:33:38,148 | INFO | --- ⏱️ Ciclo: 2026-02-10 01:33:38 ---
2026-02-10 02:33:38,149 | INFO | 📡 Insertando: Sensor_Patio    | Temp: 16.22°C
2026-02-10 02:33:38,150 | INFO | 📡 Insertando: Sensor_Cocina   | Temp: 10.76°C
2026-02-10 02:33:38,150 | INFO | 📡 Insertando: Sensor_Salon    | Temp: 17.04°C
2026-02-10 02:33:38,150 | INFO | 🔋 Insertando: Bateria_General | 53.0%
2026-02-10 02:33:38,150 | INFO | 💧 Insertando: Humedad_Patio   | 76.2%
2026-02-10 02:33:43,155 | INFO | --- ⏱️ Ciclo: 2026-02-10 01:33:43 ---
2026-02-10 02:33:43,155 | INFO | 📡 Insertando: Sensor_Patio    | Temp: 13.41°C
2026-02-10 02:33:43,156 | INFO | 📡 Insertando: Sensor_Cocina   | Temp: 12.10°C
2026-02-10 02:33:43,156 | INFO | 📡 Insertando: Sensor_Salon    | Temp: 15.21°C
2026-02-10 02:33:43,156 | INFO | 🔋 Insertando: Bateria_General | 52.5%
2026-02-10 02:33:43,156 | INFO | 💧 Insertando: Humedad_Patio   | 80.5%
2026-02-10 02:33:48,160 | INFO | --- ⏱️ Ciclo: 2026-02-10 01:33:48 ---
2026-02-10 02:33:48,160 | INFO | 📡 Insertando: Sensor_Patio    | Temp: 11.32°C
2026-02-10 02:33:48,161 | INFO | 📡 Insertando: Sensor_Cocina   | Temp: 12.80°C
2026-02-10 02:33:48,161 | INFO | 📡 Insertando: Sensor_Salon    | Temp: 12.15°C
2026-02-10 02:33:48,161 | INFO | 🔋 Insertando: Bateria_General | 52.0%
2026-02-10 02:33:48,162 | INFO | 💧 Insertando: Humedad_Patio   | 84.4%
2026-02-10 02:33:53,165 | INFO | --- ⏱️ Ciclo: 2026-02-10 01:33:53 ---
2026-02-10 02:33:53,166 | INFO | 📡 Insertando: Sensor_Patio    | Temp: 13.86°C
2026-02-10 02:33:53,167 | INFO | 📡 Insertando: Sensor_Cocina   | Temp: 10.33°C
2026-02-10 02:33:53,167 | INFO | 📡 Insertando: Sensor_Salon    | Temp: 12.96°C
2026-02-10 02:33:53,167 | INFO | 🔋 Insertando: Bateria_General | 51.5%
2026-02-10 02:33:53,167 | INFO | 💧 Insertando: Humedad_Patio   | 79.8%
2026-02-10 02:33:58,172 | INFO | --- ⏱️ Ciclo: 2026-02-10 01:33:58 ---
2026-02-10 02:33:58,172 | INFO | 📡 Insertando: Sensor_Patio    | Temp: 11.10°C
2026-02-10 02:33:58,173 | INFO | 📡 Insertando: Sensor_Cocina   | Temp: 12.53°C
2026-02-10 02:33:58,173 | INFO | 📡 Insertando: Sensor_Salon    | Temp: 10.85°C
2026-02-10 02:33:58,173 | INFO | 🔋 Insertando: Bateria_General | 51.0%
2026-02-10 02:33:58,173 | INFO | 💧 Insertando: Humedad_Patio   | 83.3%
2026-02-10 02:34:03,177 | INFO | --- ⏱️ Ciclo: 2026-02-10 01:34:03 ---
2026-02-10 02:34:03,178 | INFO | 📡 Insertando: Sensor_Patio    | Temp: 12.25°C
2026-02-10 02:34:03,179 | INFO | 📡 Insertando: Sensor_Cocina   | Temp: 14.85°C
2026-02-10 02:34:03,179 | INFO | 📡 Insertando: Sensor_Salon    | Temp: 13.05°C
2026-02-10 02:34:03,179 | INFO | 🔋 Insertando: Bateria_General | 50.5%
2026-02-10 02:34:03,179 | INFO | 💧 Insertando: Humedad_Patio   | 80.2%
2026-02-10 02:34:08,183 | INFO | --- ⏱️ Ciclo: 2026-02-10 01:34:08 ---
2026-02-10 02:34:08,184 | INFO | 📡 Insertando: Sensor_Patio    | Temp: 11.04°C
2026-02-10 02:34:08,184 | INFO | 📡 Insertando: Sensor_Cocina   | Temp: 17.97°C
2026-02-10 02:34:08,185 | INFO | 📡 Insertando: Sensor_Salon    | Temp: 11.32°C
2026-02-10 02:34:08,185 | INFO | 🔋 Insertando: Bateria_General | 50.0%
2026-02-10 02:34:08,185 | INFO | 💧 Insertando: Humedad_Patio   | 84.3%
2026-02-10 02:34:13,189 | INFO | --- ⏱️ Ciclo: 2026-02-10 01:34:13 ---
2026-02-10 02:34:13,189 | INFO | 📡 Insertando: Sensor_Patio    | Temp: 11.78°C
2026-02-10 02:34:13,190 | INFO | 📡 Insertando: Sensor_Cocina   | Temp: 17.14°C
2026-02-10 02:34:13,191 | INFO | 📡 Insertando: Sensor_Salon    | Temp: 12.88°C
2026-02-10 02:34:13,191 | INFO | 🔋 Insertando: Bateria_General | 49.5%
2026-02-10 02:34:13,191 | INFO | 💧 Insertando: Humedad_Patio   | 83.1%
2026-02-10 02:34:18,195 | INFO | --- ⏱️ Ciclo: 2026-02-10 01:34:18 ---
2026-02-10 02:34:18,196 | INFO | 📡 Insertando: Sensor_Patio    | Temp: 12.80°C
2026-02-10 02:34:18,196 | INFO | 📡 Insertando: Sensor_Cocina   | Temp: 14.66°C
2026-02-10 02:34:18,197 | INFO | 📡 Insertando: Sensor_Salon    | Temp: 15.21°C
2026-02-10 02:34:18,197 | INFO | 🔋 Insertando: Bateria_General | 49.0%
2026-02-10 02:34:18,197 | INFO | 💧 Insertando: Humedad_Patio   | 79.2%
2026-02-10 02:34:23,200 | INFO | --- ⏱️ Ciclo: 2026-02-10 01:34:23 ---
2026-02-10 02:34:23,201 | INFO | 📡 Insertando: Sensor_Patio    | Temp: 10.02°C
2026-02-10 02:34:23,207 | INFO | 📡 Insertando: Sensor_Cocina   | Temp: 11.54°C
2026-02-10 02:34:23,208 | INFO | 📡 Insertando: Sensor_Salon    | Temp: 12.10°C
2026-02-10 02:34:23,208 | INFO | 🔋 Insertando: Bateria_General | 48.5%
2026-02-10 02:34:23,208 | INFO | 💧 Insertando: Humedad_Patio   | 83.0%
2026-02-10 02:34:28,209 | INFO | --- ⏱️ Ciclo: 2026-02-10 01:34:28 ---
2026-02-10 02:34:28,209 | INFO | 📡 Insertando: Sensor_Patio    | Temp: 12.47°C
2026-02-10 02:34:28,209 | INFO | 📡 Insertando: Sensor_Cocina   | Temp: 13.88°C
2026-02-10 02:34:28,209 | INFO | 📡 Insertando: Sensor_Salon    | Temp: 14.41°C
2026-02-10 02:34:28,209 | INFO | 🔋 Insertando: Bateria_General | 48.0%
2026-02-10 02:34:28,210 | INFO | 💧 Insertando: Humedad_Patio   | 81.9%
2026-02-10 02:34:33,213 | INFO | --- ⏱️ Ciclo: 2026-02-10 01:34:33 ---
2026-02-10 02:34:33,213 | INFO | 📡 Insertando: Sensor_Patio    | Temp: 12.74°C
2026-02-10 02:34:33,213 | INFO | 📡 Insertando: Sensor_Cocina   | Temp: 11.17°C
2026-02-10 02:34:33,214 | INFO | 📡 Insertando: Sensor_Salon    | Temp: 11.88°C
2026-02-10 02:34:33,214 | INFO | 🔋 Insertando: Bateria_General | 47.5%
2026-02-10 02:34:33,214 | INFO | 💧 Insertando: Humedad_Patio   | 82.1%
2026-02-10 02:34:38,217 | INFO | --- ⏱️ Ciclo: 2026-02-10 01:34:38 ---
2026-02-10 02:34:38,217 | INFO | 📡 Insertando: Sensor_Patio    | Temp: 12.75°C
2026-02-10 02:34:38,218 | INFO | 📡 Insertando: Sensor_Cocina   | Temp: 12.93°C
2026-02-10 02:34:38,218 | INFO | 📡 Insertando: Sensor_Salon    | Temp: 10.47°C
2026-02-10 02:34:38,218 | INFO | 🔋 Insertando: Bateria_General | 47.0%
2026-02-10 02:34:38,218 | INFO | 💧 Insertando: Humedad_Patio   | 81.8%
2026-02-10 02:34:43,225 | INFO | --- ⏱️ Ciclo: 2026-02-10 01:34:43 ---
2026-02-10 02:34:43,226 | INFO | 📡 Insertando: Sensor_Patio    | Temp: 14.79°C
2026-02-10 02:34:43,228 | INFO | 📡 Insertando: Sensor_Cocina   | Temp: 15.26°C
2026-02-10 02:34:43,228 | INFO | 📡 Insertando: Sensor_Salon    | Temp: 13.14°C
2026-02-10 02:34:43,228 | INFO | 🔋 Insertando: Bateria_General | 46.5%
2026-02-10 02:34:43,228 | INFO | 💧 Insertando: Humedad_Patio   | 77.1%
2026-02-10 02:34:48,230 | INFO | --- ⏱️ Ciclo: 2026-02-10 01:34:48 ---
2026-02-10 02:34:48,230 | INFO | 📡 Insertando: Sensor_Patio    | Temp: 16.89°C
2026-02-10 02:34:48,231 | INFO | 📡 Insertando: Sensor_Cocina   | Temp: 17.74°C
2026-02-10 02:34:48,231 | INFO | 📡 Insertando: Sensor_Salon    | Temp: 11.04°C
2026-02-10 02:34:48,232 | INFO | 🔋 Insertando: Bateria_General | 46.0%
2026-02-10 02:34:48,232 | INFO | 💧 Insertando: Humedad_Patio   | 75.7%
2026-02-10 02:34:53,237 | INFO | --- ⏱️ Ciclo: 2026-02-10 01:34:53 ---
2026-02-10 02:34:53,237 | INFO | 📡 Insertando: Sensor_Patio    | Temp: 18.80°C
2026-02-10 02:34:53,240 | INFO | 📡 Insertando: Sensor_Cocina   | Temp: 19.87°C
2026-02-10 02:34:53,241 | INFO | 📡 Insertando: Sensor_Salon    | Temp: 13.49°C
2026-02-10 02:34:53,241 | INFO | 🔋 Insertando: Bateria_General | 45.5%
2026-02-10 02:34:53,241 | INFO | 💧 Insertando: Humedad_Patio   | 73.0%
2026-02-10 02:34:58,244 | INFO | --- ⏱️ Ciclo: 2026-02-10 01:34:58 ---
2026-02-10 02:34:58,244 | INFO | 📡 Insertando: Sensor_Patio    | Temp: 17.46°C
2026-02-10 02:34:58,245 | INFO | 📡 Insertando: Sensor_Cocina   | Temp: 17.37°C
2026-02-10 02:34:58,246 | INFO | 📡 Insertando: Sensor_Salon    | Temp: 11.16°C
2026-02-10 02:34:58,246 | INFO | 🔋 Insertando: Bateria_General | 45.0%
2026-02-10 02:34:58,246 | INFO | 💧 Insertando: Humedad_Patio   | 73.8%
2026-02-10 02:35:03,250 | INFO | --- ⏱️ Ciclo: 2026-02-10 01:35:03 ---
2026-02-10 02:35:03,251 | INFO | 📡 Insertando: Sensor_Patio    | Temp: 15.24°C
2026-02-10 02:35:03,251 | INFO | 📡 Insertando: Sensor_Cocina   | Temp: 17.09°C
2026-02-10 02:35:03,251 | INFO | 📡 Insertando: Sensor_Salon    | Temp: 13.95°C
2026-02-10 02:35:03,251 | INFO | 🔋 Insertando: Bateria_General | 44.5%
2026-02-10 02:35:03,251 | INFO | 💧 Insertando: Humedad_Patio   | 75.5%
2026-02-10 02:35:08,254 | INFO | --- ⏱️ Ciclo: 2026-02-10 01:35:08 ---
2026-02-10 02:35:08,255 | INFO | 📡 Insertando: Sensor_Patio    | Temp: 16.72°C
2026-02-10 02:35:08,255 | INFO | 📡 Insertando: Sensor_Cocina   | Temp: 19.04°C
2026-02-10 02:35:08,255 | INFO | 📡 Insertando: Sensor_Salon    | Temp: 11.38°C
2026-02-10 02:35:08,255 | INFO | 🔋 Insertando: Bateria_General | 44.0%
2026-02-10 02:35:08,255 | INFO | 💧 Insertando: Humedad_Patio   | 74.7%
2026-02-10 02:35:13,258 | INFO | --- ⏱️ Ciclo: 2026-02-10 01:35:13 ---
2026-02-10 02:35:13,258 | INFO | 📡 Insertando: Sensor_Patio    | Temp: 14.03°C
2026-02-10 02:35:13,258 | INFO | 📡 Insertando: Sensor_Cocina   | Temp: 15.71°C
2026-02-10 02:35:13,258 | INFO | 📡 Insertando: Sensor_Salon    | Temp: 13.97°C
2026-02-10 02:35:13,258 | INFO | 🔋 Insertando: Bateria_General | 43.5%
2026-02-10 02:35:13,258 | INFO | 💧 Insertando: Humedad_Patio   | 77.9%
2026-02-10 02:35:18,262 | INFO | --- ⏱️ Ciclo: 2026-02-10 01:35:18 ---
2026-02-10 02:35:18,262 | INFO | 📡 Insertando: Sensor_Patio    | Temp: 11.94°C
2026-02-10 02:35:18,262 | INFO | 📡 Insertando: Sensor_Cocina   | Temp: 12.91°C
2026-02-10 02:35:18,262 | INFO | 📡 Insertando: Sensor_Salon    | Temp: 17.20°C
2026-02-10 02:35:18,262 | INFO | 🔋 Insertando: Bateria_General | 43.0%
2026-02-10 02:35:18,262 | INFO | 💧 Insertando: Humedad_Patio   | 80.2%
2026-02-10 02:35:23,265 | INFO | --- ⏱️ Ciclo: 2026-02-10 01:35:23 ---
2026-02-10 02:35:23,265 | INFO | 📡 Insertando: Sensor_Patio    | Temp: 10.76°C
2026-02-10 02:35:23,266 | INFO | 📡 Insertando: Sensor_Cocina   | Temp: 15.07°C
2026-02-10 02:35:23,266 | INFO | 📡 Insertando: Sensor_Salon    | Temp: 19.43°C
2026-02-10 02:35:23,266 | INFO | 🔋 Insertando: Bateria_General | 42.5%
2026-02-10 02:35:23,266 | INFO | 💧 Insertando: Humedad_Patio   | 84.2%
2026-02-10 02:35:28,269 | INFO | --- ⏱️ Ciclo: 2026-02-10 01:35:28 ---
2026-02-10 02:35:28,269 | INFO | 📡 Insertando: Sensor_Patio    | Temp: 12.48°C
2026-02-10 02:35:28,269 | INFO | 📡 Insertando: Sensor_Cocina   | Temp: 17.32°C
2026-02-10 02:35:28,269 | INFO | 📡 Insertando: Sensor_Salon    | Temp: 17.05°C
2026-02-10 02:35:28,269 | INFO | 🔋 Insertando: Bateria_General | 42.0%
2026-02-10 02:35:28,269 | INFO | 💧 Insertando: Humedad_Patio   | 80.4%
2026-02-10 02:35:33,272 | INFO | --- ⏱️ Ciclo: 2026-02-10 01:35:33 ---
2026-02-10 02:35:33,272 | INFO | 📡 Insertando: Sensor_Patio    | Temp: 14.12°C
2026-02-10 02:35:33,273 | INFO | 📡 Insertando: Sensor_Cocina   | Temp: 15.98°C
2026-02-10 02:35:33,273 | INFO | 📡 Insertando: Sensor_Salon    | Temp: 14.25°C
2026-02-10 02:35:33,273 | INFO | 🔋 Insertando: Bateria_General | 41.5%
2026-02-10 02:35:33,273 | INFO | 💧 Insertando: Humedad_Patio   | 77.7%
2026-02-10 02:35:38,276 | INFO | --- ⏱️ Ciclo: 2026-02-10 01:35:38 ---
2026-02-10 02:35:38,276 | INFO | 📡 Insertando: Sensor_Patio    | Temp: 16.38°C
2026-02-10 02:35:38,277 | INFO | 📡 Insertando: Sensor_Cocina   | Temp: 13.21°C
2026-02-10 02:35:38,277 | INFO | 📡 Insertando: Sensor_Salon    | Temp: 11.24°C
2026-02-10 02:35:38,277 | INFO | 🔋 Insertando: Bateria_General | 41.0%
2026-02-10 02:35:38,277 | INFO | 💧 Insertando: Humedad_Patio   | 74.4%
2026-02-10 02:35:43,280 | INFO | --- ⏱️ Ciclo: 2026-02-10 01:35:43 ---
2026-02-10 02:35:43,280 | INFO | 📡 Insertando: Sensor_Patio    | Temp: 18.31°C
2026-02-10 02:35:43,281 | INFO | 📡 Insertando: Sensor_Cocina   | Temp: 10.22°C
2026-02-10 02:35:43,281 | INFO | 📡 Insertando: Sensor_Salon    | Temp: 12.27°C
2026-02-10 02:35:43,281 | INFO | 🔋 Insertando: Bateria_General | 40.5%
2026-02-10 02:35:43,281 | INFO | 💧 Insertando: Humedad_Patio   | 74.2%
2026-02-10 02:35:48,284 | INFO | --- ⏱️ Ciclo: 2026-02-10 01:35:48 ---
2026-02-10 02:35:48,285 | INFO | 📡 Insertando: Sensor_Patio    | Temp: 15.56°C
2026-02-10 02:35:48,285 | INFO | 📡 Insertando: Sensor_Cocina   | Temp: 12.58°C
2026-02-10 02:35:48,285 | INFO | 📡 Insertando: Sensor_Salon    | Temp: 14.67°C
2026-02-10 02:35:48,285 | INFO | 🔋 Insertando: Bateria_General | 40.0%
2026-02-10 02:35:48,285 | INFO | 💧 Insertando: Humedad_Patio   | 78.3%
2026-02-10 02:35:53,292 | INFO | --- ⏱️ Ciclo: 2026-02-10 01:35:53 ---
2026-02-10 02:35:53,294 | INFO | 📡 Insertando: Sensor_Patio    | Temp: 18.48°C
2026-02-10 02:35:53,295 | INFO | 📡 Insertando: Sensor_Cocina   | Temp: 12.99°C
2026-02-10 02:35:53,295 | INFO | 📡 Insertando: Sensor_Salon    | Temp: 17.37°C
2026-02-10 02:35:53,295 | INFO | 🔋 Insertando: Bateria_General | 39.5%
2026-02-10 02:35:53,295 | INFO | 💧 Insertando: Humedad_Patio   | 73.0%
2026-02-10 02:35:58,296 | INFO | --- ⏱️ Ciclo: 2026-02-10 01:35:58 ---
2026-02-10 02:35:58,296 | INFO | 📡 Insertando: Sensor_Patio    | Temp: 17.13°C
2026-02-10 02:35:58,296 | INFO | 📡 Insertando: Sensor_Cocina   | Temp: 16.09°C
2026-02-10 02:35:58,296 | INFO | 📡 Insertando: Sensor_Salon    | Temp: 14.34°C
2026-02-10 02:35:58,296 | INFO | 🔋 Insertando: Bateria_General | 39.0%
2026-02-10 02:35:58,296 | INFO | 💧 Insertando: Humedad_Patio   | 74.0%
2026-02-10 02:36:03,299 | INFO | --- ⏱️ Ciclo: 2026-02-10 01:36:03 ---
2026-02-10 02:36:03,300 | INFO | 📡 Insertando: Sensor_Patio    | Temp: 14.18°C
2026-02-10 02:36:03,300 | INFO | 📡 Insertando: Sensor_Cocina   | Temp: 13.00°C
2026-02-10 02:36:03,300 | INFO | 📡 Insertando: Sensor_Salon    | Temp: 16.87°C
2026-02-10 02:36:03,300 | INFO | 🔋 Insertando: Bateria_General | 38.5%
2026-02-10 02:36:03,300 | INFO | 💧 Insertando: Humedad_Patio   | 79.8%
2026-02-10 02:36:08,303 | INFO | --- ⏱️ Ciclo: 2026-02-10 01:36:08 ---
2026-02-10 02:36:08,303 | INFO | 📡 Insertando: Sensor_Patio    | Temp: 16.08°C
2026-02-10 02:36:08,303 | INFO | 📡 Insertando: Sensor_Cocina   | Temp: 10.48°C
2026-02-10 02:36:08,303 | INFO | 📡 Insertando: Sensor_Salon    | Temp: 13.86°C
2026-02-10 02:36:08,303 | INFO | 🔋 Insertando: Bateria_General | 38.0%
2026-02-10 02:36:08,303 | INFO | 💧 Insertando: Humedad_Patio   | 74.0%
2026-02-10 02:36:13,307 | INFO | --- ⏱️ Ciclo: 2026-02-10 01:36:13 ---
2026-02-10 02:36:13,309 | INFO | 📡 Insertando: Sensor_Patio    | Temp: 13.75°C
2026-02-10 02:36:13,310 | INFO | 📡 Insertando: Sensor_Cocina   | Temp: 12.26°C
2026-02-10 02:36:13,310 | INFO | 📡 Insertando: Sensor_Salon    | Temp: 16.85°C
2026-02-10 02:36:13,310 | INFO | 🔋 Insertando: Bateria_General | 37.5%
2026-02-10 02:36:13,310 | INFO | 💧 Insertando: Humedad_Patio   | 80.5%
2026-02-10 02:36:18,313 | INFO | --- ⏱️ Ciclo: 2026-02-10 01:36:18 ---
2026-02-10 02:36:18,313 | INFO | 📡 Insertando: Sensor_Patio    | Temp: 11.69°C
2026-02-10 02:36:18,314 | INFO | 📡 Insertando: Sensor_Cocina   | Temp: 12.80°C
2026-02-10 02:36:18,314 | INFO | 📡 Insertando: Sensor_Salon    | Temp: 19.24°C
2026-02-10 02:36:18,314 | INFO | 🔋 Insertando: Bateria_General | 37.0%
2026-02-10 02:36:18,314 | INFO | 💧 Insertando: Humedad_Patio   | 82.8%
2026-02-10 02:36:23,318 | INFO | --- ⏱️ Ciclo: 2026-02-10 01:36:23 ---
2026-02-10 02:36:23,320 | INFO | 📡 Insertando: Sensor_Patio    | Temp: 14.48°C
2026-02-10 02:36:23,321 | INFO | 📡 Insertando: Sensor_Cocina   | Temp: 12.90°C
2026-02-10 02:36:23,321 | INFO | 📡 Insertando: Sensor_Salon    | Temp: 17.11°C
2026-02-10 02:36:23,321 | INFO | 🔋 Insertando: Bateria_General | 36.5%
2026-02-10 02:36:23,321 | INFO | 💧 Insertando: Humedad_Patio   | 78.7%
2026-02-10 02:36:28,323 | INFO | --- ⏱️ Ciclo: 2026-02-10 01:36:28 ---
2026-02-10 02:36:28,323 | INFO | 📡 Insertando: Sensor_Patio    | Temp: 12.05°C
2026-02-10 02:36:28,324 | INFO | 📡 Insertando: Sensor_Cocina   | Temp: 10.86°C
2026-02-10 02:36:28,324 | INFO | 📡 Insertando: Sensor_Salon    | Temp: 19.90°C
2026-02-10 02:36:28,324 | INFO | 🔋 Insertando: Bateria_General | 36.0%
2026-02-10 02:36:28,324 | INFO | 💧 Insertando: Humedad_Patio   | 82.5%
2026-02-10 02:36:33,328 | INFO | --- ⏱️ Ciclo: 2026-02-10 01:36:33 ---
2026-02-10 02:36:33,328 | INFO | 📡 Insertando: Sensor_Patio    | Temp: 12.24°C
2026-02-10 02:36:33,328 | INFO | 📡 Insertando: Sensor_Cocina   | Temp: 12.31°C
2026-02-10 02:36:33,329 | INFO | 📡 Insertando: Sensor_Salon    | Temp: 18.01°C
2026-02-10 02:36:33,329 | INFO | 🔋 Insertando: Bateria_General | 35.5%
2026-02-10 02:36:33,329 | INFO | 💧 Insertando: Humedad_Patio   | 79.8%
2026-02-10 02:36:38,332 | INFO | --- ⏱️ Ciclo: 2026-02-10 01:36:38 ---
2026-02-10 02:36:38,332 | INFO | 📡 Insertando: Sensor_Patio    | Temp: 12.60°C
2026-02-10 02:36:38,333 | INFO | 📡 Insertando: Sensor_Cocina   | Temp: 10.42°C
2026-02-10 02:36:38,333 | INFO | 📡 Insertando: Sensor_Salon    | Temp: 16.72°C
2026-02-10 02:36:38,333 | INFO | 🔋 Insertando: Bateria_General | 35.0%
2026-02-10 02:36:38,333 | INFO | 💧 Insertando: Humedad_Patio   | 82.4%
2026-02-10 02:36:43,335 | INFO | --- ⏱️ Ciclo: 2026-02-10 01:36:43 ---
2026-02-10 02:36:43,343 | INFO | 📡 Insertando: Sensor_Patio    | Temp: 14.97°C
2026-02-10 02:36:43,344 | INFO | 📡 Insertando: Sensor_Cocina   | Temp: 13.52°C
2026-02-10 02:36:43,344 | INFO | 📡 Insertando: Sensor_Salon    | Temp: 12.93°C
2026-02-10 02:36:43,344 | INFO | 🔋 Insertando: Bateria_General | 34.5%
2026-02-10 02:36:43,345 | INFO | 💧 Insertando: Humedad_Patio   | 77.6%
2026-02-10 02:36:48,347 | INFO | --- ⏱️ Ciclo: 2026-02-10 01:36:48 ---
2026-02-10 02:36:48,347 | INFO | 📡 Insertando: Sensor_Patio    | Temp: 12.53°C
2026-02-10 02:36:48,348 | INFO | 📡 Insertando: Sensor_Cocina   | Temp: 15.61°C
2026-02-10 02:36:48,348 | INFO | 📡 Insertando: Sensor_Salon    | Temp: 15.72°C
2026-02-10 02:36:48,348 | INFO | 🔋 Insertando: Bateria_General | 34.0%
2026-02-10 02:36:48,348 | INFO | 💧 Insertando: Humedad_Patio   | 82.9%
2026-02-10 02:36:53,356 | INFO | --- ⏱️ Ciclo: 2026-02-10 01:36:53 ---
2026-02-10 02:36:53,362 | INFO | 📡 Insertando: Sensor_Patio    | Temp: 14.67°C
2026-02-10 02:36:53,362 | INFO | 📡 Insertando: Sensor_Cocina   | Temp: 12.35°C
2026-02-10 02:36:53,363 | INFO | 📡 Insertando: Sensor_Salon    | Temp: 18.07°C
2026-02-10 02:36:53,363 | INFO | 🔋 Insertando: Bateria_General | 33.5%
2026-02-10 02:36:53,363 | INFO | 💧 Insertando: Humedad_Patio   | 76.5%
2026-02-10 02:36:58,365 | INFO | --- ⏱️ Ciclo: 2026-02-10 01:36:58 ---
2026-02-10 02:36:58,366 | INFO | 📡 Insertando: Sensor_Patio    | Temp: 12.16°C
2026-02-10 02:36:58,366 | INFO | 📡 Insertando: Sensor_Cocina   | Temp: 10.08°C
2026-02-10 02:36:58,367 | INFO | 📡 Insertando: Sensor_Salon    | Temp: 14.56°C
2026-02-10 02:36:58,367 | INFO | 🔋 Insertando: Bateria_General | 33.0%
2026-02-10 02:36:58,367 | INFO | 💧 Insertando: Humedad_Patio   | 82.5%
2026-02-10 02:37:03,371 | INFO | --- ⏱️ Ciclo: 2026-02-10 01:37:03 ---
2026-02-10 02:37:03,371 | INFO | 📡 Insertando: Sensor_Patio    | Temp: 10.48°C
2026-02-10 02:37:03,372 | INFO | 📡 Insertando: Sensor_Cocina   | Temp: 12.48°C
2026-02-10 02:37:03,372 | INFO | 📡 Insertando: Sensor_Salon    | Temp: 12.27°C
2026-02-10 02:37:03,372 | INFO | 🔋 Insertando: Bateria_General | 32.5%
2026-02-10 02:37:03,373 | INFO | 💧 Insertando: Humedad_Patio   | 83.4%
2026-02-10 02:37:08,376 | INFO | --- ⏱️ Ciclo: 2026-02-10 01:37:08 ---
2026-02-10 02:37:08,376 | INFO | 📡 Insertando: Sensor_Patio    | Temp: 13.79°C
2026-02-10 02:37:08,377 | INFO | 📡 Insertando: Sensor_Cocina   | Temp: 13.11°C
2026-02-10 02:37:08,377 | INFO | 📡 Insertando: Sensor_Salon    | Temp: 12.40°C
2026-02-10 02:37:08,377 | INFO | 🔋 Insertando: Bateria_General | 32.0%
2026-02-10 02:37:08,377 | INFO | 💧 Insertando: Humedad_Patio   | 80.9%
2026-02-10 02:37:13,380 | INFO | --- ⏱️ Ciclo: 2026-02-10 01:37:13 ---
2026-02-10 02:37:13,380 | INFO | 📡 Insertando: Sensor_Patio    | Temp: 11.27°C
2026-02-10 02:37:13,381 | INFO | 📡 Insertando: Sensor_Cocina   | Temp: 10.80°C
2026-02-10 02:37:13,381 | INFO | 📡 Insertando: Sensor_Salon    | Temp: 12.87°C
2026-02-10 02:37:13,381 | INFO | 🔋 Insertando: Bateria_General | 31.5%
2026-02-10 02:37:13,381 | INFO | 💧 Insertando: Humedad_Patio   | 84.1%
2026-02-10 02:37:18,387 | INFO | --- ⏱️ Ciclo: 2026-02-10 01:37:18 ---
2026-02-10 02:37:18,387 | INFO | 📡 Insertando: Sensor_Patio    | Temp: 13.85°C
2026-02-10 02:37:18,387 | INFO | 📡 Insertando: Sensor_Cocina   | Temp: 13.50°C
2026-02-10 02:37:18,387 | INFO | 📡 Insertando: Sensor_Salon    | Temp: 10.67°C
2026-02-10 02:37:18,387 | INFO | 🔋 Insertando: Bateria_General | 31.0%
2026-02-10 02:37:18,387 | INFO | 💧 Insertando: Humedad_Patio   | 80.3%
2026-02-10 02:37:23,390 | INFO | --- ⏱️ Ciclo: 2026-02-10 01:37:23 ---
2026-02-10 02:37:23,390 | INFO | 📡 Insertando: Sensor_Patio    | Temp: 11.37°C
2026-02-10 02:37:23,390 | INFO | 📡 Insertando: Sensor_Cocina   | Temp: 16.81°C
2026-02-10 02:37:23,390 | INFO | 📡 Insertando: Sensor_Salon    | Temp: 13.75°C
2026-02-10 02:37:23,390 | INFO | 🔋 Insertando: Bateria_General | 30.5%
2026-02-10 02:37:23,390 | INFO | 💧 Insertando: Humedad_Patio   | 83.1%
2026-02-10 02:37:28,392 | INFO | --- ⏱️ Ciclo: 2026-02-10 01:37:28 ---
2026-02-10 02:37:28,392 | INFO | 📡 Insertando: Sensor_Patio    | Temp: 13.76°C
2026-02-10 02:37:28,393 | INFO | 📡 Insertando: Sensor_Cocina   | Temp: 18.67°C
2026-02-10 02:37:28,393 | INFO | 📡 Insertando: Sensor_Salon    | Temp: 11.68°C
2026-02-10 02:37:28,393 | INFO | 🔋 Insertando: Bateria_General | 30.0%
2026-02-10 02:37:28,393 | INFO | 💧 Insertando: Humedad_Patio   | 80.9%
2026-02-10 02:37:33,401 | INFO | --- ⏱️ Ciclo: 2026-02-10 01:37:33 ---
2026-02-10 02:37:33,401 | INFO | 📡 Insertando: Sensor_Patio    | Temp: 16.08°C
2026-02-10 02:37:33,402 | INFO | 📡 Insertando: Sensor_Cocina   | Temp: 16.12°C
2026-02-10 02:37:33,402 | INFO | 📡 Insertando: Sensor_Salon    | Temp: 12.06°C
2026-02-10 02:37:33,402 | INFO | 🔋 Insertando: Bateria_General | 29.5%
2026-02-10 02:37:33,402 | INFO | 💧 Insertando: Humedad_Patio   | 73.9%
2026-02-10 02:37:38,404 | INFO | --- ⏱️ Ciclo: 2026-02-10 01:37:38 ---
2026-02-10 02:37:38,404 | INFO | 📡 Insertando: Sensor_Patio    | Temp: 12.97°C
2026-02-10 02:37:38,404 | INFO | 📡 Insertando: Sensor_Cocina   | Temp: 18.30°C
2026-02-10 02:37:38,405 | INFO | 📡 Insertando: Sensor_Salon    | Temp: 12.89°C
2026-02-10 02:37:38,405 | INFO | 🔋 Insertando: Bateria_General | 29.0%
2026-02-10 02:37:38,405 | INFO | 💧 Insertando: Humedad_Patio   | 80.2%
2026-02-10 02:37:43,413 | INFO | --- ⏱️ Ciclo: 2026-02-10 01:37:43 ---
2026-02-10 02:37:43,413 | INFO | 📡 Insertando: Sensor_Patio    | Temp: 15.07°C
2026-02-10 02:37:43,414 | INFO | 📡 Insertando: Sensor_Cocina   | Temp: 16.48°C
2026-02-10 02:37:43,414 | INFO | 📡 Insertando: Sensor_Salon    | Temp: 15.20°C
2026-02-10 02:37:43,414 | INFO | 🔋 Insertando: Bateria_General | 28.5%
2026-02-10 02:37:43,414 | INFO | 💧 Insertando: Humedad_Patio   | 79.1%
2026-02-10 02:37:48,417 | INFO | --- ⏱️ Ciclo: 2026-02-10 01:37:48 ---
2026-02-10 02:37:48,417 | INFO | 📡 Insertando: Sensor_Patio    | Temp: 17.35°C
2026-02-10 02:37:48,418 | INFO | 📡 Insertando: Sensor_Cocina   | Temp: 19.86°C
2026-02-10 02:37:48,418 | INFO | 📡 Insertando: Sensor_Salon    | Temp: 17.85°C
2026-02-10 02:37:48,418 | INFO | 🔋 Insertando: Bateria_General | 28.0%
2026-02-10 02:37:48,418 | INFO | 💧 Insertando: Humedad_Patio   | 72.0%
2026-02-10 02:37:53,425 | INFO | --- ⏱️ Ciclo: 2026-02-10 01:37:53 ---
2026-02-10 02:37:53,427 | INFO | 📡 Insertando: Sensor_Patio    | Temp: 14.33°C
2026-02-10 02:37:53,428 | INFO | 📡 Insertando: Sensor_Cocina   | Temp: 16.70°C
2026-02-10 02:37:53,428 | INFO | 📡 Insertando: Sensor_Salon    | Temp: 19.91°C
2026-02-10 02:37:53,428 | INFO | 🔋 Insertando: Bateria_General | 27.5%
2026-02-10 02:37:53,429 | INFO | 💧 Insertando: Humedad_Patio   | 79.5%
2026-02-10 02:37:58,430 | INFO | --- ⏱️ Ciclo: 2026-02-10 01:37:58 ---
2026-02-10 02:37:58,430 | INFO | 📡 Insertando: Sensor_Patio    | Temp: 11.81°C
2026-02-10 02:37:58,431 | INFO | 📡 Insertando: Sensor_Cocina   | Temp: 13.96°C
2026-02-10 02:37:58,431 | INFO | 📡 Insertando: Sensor_Salon    | Temp: 17.30°C
2026-02-10 02:37:58,431 | INFO | 🔋 Insertando: Bateria_General | 27.0%
2026-02-10 02:37:58,431 | INFO | 💧 Insertando: Humedad_Patio   | 83.7%
2026-02-10 02:38:03,434 | INFO | --- ⏱️ Ciclo: 2026-02-10 01:38:03 ---
2026-02-10 02:38:03,434 | INFO | 📡 Insertando: Sensor_Patio    | Temp: 14.40°C
2026-02-10 02:38:03,434 | INFO | 📡 Insertando: Sensor_Cocina   | Temp: 11.04°C
2026-02-10 02:38:03,434 | INFO | 📡 Insertando: Sensor_Salon    | Temp: 14.95°C
2026-02-10 02:38:03,434 | INFO | 🔋 Insertando: Bateria_General | 26.5%
2026-02-10 02:38:03,435 | INFO | 💧 Insertando: Humedad_Patio   | 79.9%
2026-02-10 02:38:08,438 | INFO | --- ⏱️ Ciclo: 2026-02-10 01:38:08 ---
2026-02-10 02:38:08,438 | INFO | 📡 Insertando: Sensor_Patio    | Temp: 17.13°C
2026-02-10 02:38:08,438 | INFO | 📡 Insertando: Sensor_Cocina   | Temp: 13.74°C
2026-02-10 02:38:08,438 | INFO | 📡 Insertando: Sensor_Salon    | Temp: 12.71°C
2026-02-10 02:38:08,438 | INFO | 🔋 Insertando: Bateria_General | 26.0%
2026-02-10 02:38:08,438 | INFO | 💧 Insertando: Humedad_Patio   | 74.4%
2026-02-10 02:38:13,441 | INFO | --- ⏱️ Ciclo: 2026-02-10 01:38:13 ---
2026-02-10 02:38:13,441 | INFO | 📡 Insertando: Sensor_Patio    | Temp: 13.82°C
2026-02-10 02:38:13,442 | INFO | 📡 Insertando: Sensor_Cocina   | Temp: 10.87°C
2026-02-10 02:38:13,442 | INFO | 📡 Insertando: Sensor_Salon    | Temp: 14.28°C
2026-02-10 02:38:13,442 | INFO | 🔋 Insertando: Bateria_General | 25.5%
2026-02-10 02:38:13,442 | INFO | 💧 Insertando: Humedad_Patio   | 78.5%
2026-02-10 02:38:18,445 | INFO | --- ⏱️ Ciclo: 2026-02-10 01:38:18 ---
2026-02-10 02:38:18,446 | INFO | 📡 Insertando: Sensor_Patio    | Temp: 11.82°C
2026-02-10 02:38:18,446 | INFO | 📡 Insertando: Sensor_Cocina   | Temp: 12.88°C
2026-02-10 02:38:18,446 | INFO | 📡 Insertando: Sensor_Salon    | Temp: 17.28°C
2026-02-10 02:38:18,446 | INFO | 🔋 Insertando: Bateria_General | 25.0%
2026-02-10 02:38:18,446 | INFO | 💧 Insertando: Humedad_Patio   | 82.6%
2026-02-10 02:38:23,454 | INFO | --- ⏱️ Ciclo: 2026-02-10 01:38:23 ---
2026-02-10 02:38:23,460 | INFO | 📡 Insertando: Sensor_Patio    | Temp: 14.11°C
2026-02-10 02:38:23,460 | INFO | 📡 Insertando: Sensor_Cocina   | Temp: 14.97°C
2026-02-10 02:38:23,460 | INFO | 📡 Insertando: Sensor_Salon    | Temp: 19.37°C
2026-02-10 02:38:23,460 | INFO | 🔋 Insertando: Bateria_General | 24.5%
2026-02-10 02:38:23,460 | INFO | 💧 Insertando: Humedad_Patio   | 80.7%
2026-02-10 02:38:28,462 | INFO | --- ⏱️ Ciclo: 2026-02-10 01:38:28 ---
2026-02-10 02:38:28,462 | INFO | 📡 Insertando: Sensor_Patio    | Temp: 12.11°C
2026-02-10 02:38:28,463 | INFO | 📡 Insertando: Sensor_Cocina   | Temp: 12.57°C
2026-02-10 02:38:28,463 | INFO | 📡 Insertando: Sensor_Salon    | Temp: 17.50°C
2026-02-10 02:38:28,463 | INFO | 🔋 Insertando: Bateria_General | 24.0%
2026-02-10 02:38:28,463 | INFO | 💧 Insertando: Humedad_Patio   | 81.0%
2026-02-10 02:38:33,466 | INFO | --- ⏱️ Ciclo: 2026-02-10 01:38:33 ---
2026-02-10 02:38:33,466 | INFO | 📡 Insertando: Sensor_Patio    | Temp: 14.91°C
2026-02-10 02:38:33,467 | INFO | 📡 Insertando: Sensor_Cocina   | Temp: 13.13°C
2026-02-10 02:38:33,467 | INFO | 📡 Insertando: Sensor_Salon    | Temp: 19.53°C
2026-02-10 02:38:33,467 | INFO | 🔋 Insertando: Bateria_General | 23.5%
2026-02-10 02:38:33,467 | INFO | 💧 Insertando: Humedad_Patio   | 78.1%
2026-02-10 02:38:38,470 | INFO | --- ⏱️ Ciclo: 2026-02-10 01:38:38 ---
2026-02-10 02:38:38,470 | INFO | 📡 Insertando: Sensor_Patio    | Temp: 17.73°C
2026-02-10 02:38:38,471 | INFO | 📡 Insertando: Sensor_Cocina   | Temp: 16.50°C
2026-02-10 02:38:38,471 | INFO | 📡 Insertando: Sensor_Salon    | Temp: 16.88°C
2026-02-10 02:38:38,471 | INFO | 🔋 Insertando: Bateria_General | 23.0%
2026-02-10 02:38:38,471 | INFO | 💧 Insertando: Humedad_Patio   | 72.1%
2026-02-10 02:38:43,478 | INFO | --- ⏱️ Ciclo: 2026-02-10 01:38:43 ---
2026-02-10 02:38:43,479 | INFO | 📡 Insertando: Sensor_Patio    | Temp: 15.95°C
2026-02-10 02:38:43,479 | INFO | 📡 Insertando: Sensor_Cocina   | Temp: 13.83°C
2026-02-10 02:38:43,479 | INFO | 📡 Insertando: Sensor_Salon    | Temp: 19.28°C
2026-02-10 02:38:43,479 | INFO | 🔋 Insertando: Bateria_General | 22.5%
2026-02-10 02:38:43,480 | INFO | 💧 Insertando: Humedad_Patio   | 75.6%
2026-02-10 02:38:48,483 | INFO | --- ⏱️ Ciclo: 2026-02-10 01:38:48 ---
2026-02-10 02:38:48,483 | INFO | 📡 Insertando: Sensor_Patio    | Temp: 13.15°C
2026-02-10 02:38:48,483 | INFO | 📡 Insertando: Sensor_Cocina   | Temp: 11.59°C
2026-02-10 02:38:48,483 | INFO | 📡 Insertando: Sensor_Salon    | Temp: 17.78°C
2026-02-10 02:38:48,483 | INFO | 🔋 Insertando: Bateria_General | 22.0%
2026-02-10 02:38:48,483 | INFO | 💧 Insertando: Humedad_Patio   | 81.9%
2026-02-10 02:38:53,487 | INFO | --- ⏱️ Ciclo: 2026-02-10 01:38:53 ---
2026-02-10 02:38:53,488 | INFO | 📡 Insertando: Sensor_Patio    | Temp: 15.29°C
2026-02-10 02:38:53,489 | INFO | 📡 Insertando: Sensor_Cocina   | Temp: 14.32°C
2026-02-10 02:38:53,489 | INFO | 📡 Insertando: Sensor_Salon    | Temp: 19.98°C
2026-02-10 02:38:53,489 | INFO | 🔋 Insertando: Bateria_General | 21.5%
2026-02-10 02:38:53,489 | INFO | 💧 Insertando: Humedad_Patio   | 77.3%
2026-02-10 02:38:58,490 | INFO | --- ⏱️ Ciclo: 2026-02-10 01:38:58 ---
2026-02-10 02:38:58,490 | INFO | 📡 Insertando: Sensor_Patio    | Temp: 13.66°C
2026-02-10 02:38:58,491 | INFO | 📡 Insertando: Sensor_Cocina   | Temp: 11.56°C
2026-02-10 02:38:58,491 | INFO | 📡 Insertando: Sensor_Salon    | Temp: 17.49°C
2026-02-10 02:38:58,491 | INFO | 🔋 Insertando: Bateria_General | 21.0%
2026-02-10 02:38:58,491 | INFO | 💧 Insertando: Humedad_Patio   | 81.3%
2026-02-10 02:39:03,495 | INFO | --- ⏱️ Ciclo: 2026-02-10 01:39:03 ---
2026-02-10 02:39:03,495 | INFO | 📡 Insertando: Sensor_Patio    | Temp: 16.61°C
2026-02-10 02:39:03,496 | INFO | 📡 Insertando: Sensor_Cocina   | Temp: 11.79°C
2026-02-10 02:39:03,496 | INFO | 📡 Insertando: Sensor_Salon    | Temp: 14.86°C
2026-02-10 02:39:03,496 | INFO | 🔋 Insertando: Bateria_General | 20.5%
2026-02-10 02:39:03,496 | INFO | 💧 Insertando: Humedad_Patio   | 76.3%
2026-02-10 02:39:08,500 | INFO | --- ⏱️ Ciclo: 2026-02-10 01:39:08 ---
2026-02-10 02:39:08,500 | INFO | 📡 Insertando: Sensor_Patio    | Temp: 13.81°C
2026-02-10 02:39:08,501 | INFO | 📡 Insertando: Sensor_Cocina   | Temp: 12.32°C
2026-02-10 02:39:08,501 | INFO | 📡 Insertando: Sensor_Salon    | Temp: 16.87°C
2026-02-10 02:39:08,501 | INFO | 🔋 Insertando: Bateria_General | 20.0%
2026-02-10 02:39:08,501 | INFO | 💧 Insertando: Humedad_Patio   | 79.0%
2026-02-10 02:39:13,505 | INFO | --- ⏱️ Ciclo: 2026-02-10 01:39:13 ---
2026-02-10 02:39:13,506 | INFO | 📡 Insertando: Sensor_Patio    | Temp: 11.65°C
2026-02-10 02:39:13,507 | INFO | 📡 Insertando: Sensor_Cocina   | Temp: 14.80°C
2026-02-10 02:39:13,507 | INFO | 📡 Insertando: Sensor_Salon    | Temp: 15.33°C
2026-02-10 02:39:13,507 | INFO | 🔋 Insertando: Bateria_General | 100.0%
2026-02-10 02:39:13,507 | INFO | 💧 Insertando: Humedad_Patio   | 83.9%
2026-02-10 02:39:18,509 | INFO | --- ⏱️ Ciclo: 2026-02-10 01:39:18 ---
2026-02-10 02:39:18,509 | INFO | 📡 Insertando: Sensor_Patio    | Temp: 10.13°C
2026-02-10 02:39:18,509 | INFO | 📡 Insertando: Sensor_Cocina   | Temp: 16.93°C
2026-02-10 02:39:18,509 | INFO | 📡 Insertando: Sensor_Salon    | Temp: 12.72°C
2026-02-10 02:39:18,509 | INFO | 🔋 Insertando: Bateria_General | 99.5%
2026-02-10 02:39:18,509 | INFO | 💧 Insertando: Humedad_Patio   | 85.4%
2026-02-10 02:39:23,512 | INFO | --- ⏱️ Ciclo: 2026-02-10 01:39:23 ---
2026-02-10 02:39:23,518 | INFO | 📡 Insertando: Sensor_Patio    | Temp: 12.26°C
2026-02-10 02:39:23,519 | INFO | 📡 Insertando: Sensor_Cocina   | Temp: 18.43°C
2026-02-10 02:39:23,519 | INFO | 📡 Insertando: Sensor_Salon    | Temp: 15.57°C
2026-02-10 02:39:23,519 | INFO | 🔋 Insertando: Bateria_General | 99.0%
2026-02-10 02:39:23,519 | INFO | 💧 Insertando: Humedad_Patio   | 81.3%
2026-02-10 02:39:28,520 | INFO | --- ⏱️ Ciclo: 2026-02-10 01:39:28 ---
2026-02-10 02:39:28,520 | INFO | 📡 Insertando: Sensor_Patio    | Temp: 14.89°C
2026-02-10 02:39:28,521 | INFO | 📡 Insertando: Sensor_Cocina   | Temp: 17.54°C
2026-02-10 02:39:28,521 | INFO | 📡 Insertando: Sensor_Salon    | Temp: 18.00°C
2026-02-10 02:39:28,521 | INFO | 🔋 Insertando: Bateria_General | 98.5%
2026-02-10 02:39:28,521 | INFO | 💧 Insertando: Humedad_Patio   | 77.9%
2026-02-10 02:39:33,529 | INFO | --- ⏱️ Ciclo: 2026-02-10 01:39:33 ---
2026-02-10 02:39:33,529 | INFO | 📡 Insertando: Sensor_Patio    | Temp: 11.92°C
2026-02-10 02:39:33,529 | INFO | 📡 Insertando: Sensor_Cocina   | Temp: 19.44°C
2026-02-10 02:39:33,529 | INFO | 📡 Insertando: Sensor_Salon    | Temp: 15.32°C
2026-02-10 02:39:33,529 | INFO | 🔋 Insertando: Bateria_General | 98.0%
2026-02-10 02:39:33,529 | INFO | 💧 Insertando: Humedad_Patio   | 83.1%
2026-02-10 02:39:38,531 | INFO | --- ⏱️ Ciclo: 2026-02-10 01:39:38 ---
2026-02-10 02:39:38,531 | INFO | 📡 Insertando: Sensor_Patio    | Temp: 12.04°C
2026-02-10 02:39:38,531 | INFO | 📡 Insertando: Sensor_Cocina   | Temp: 17.81°C
2026-02-10 02:39:38,531 | INFO | 📡 Insertando: Sensor_Salon    | Temp: 17.50°C
2026-02-10 02:39:38,531 | INFO | 🔋 Insertando: Bateria_General | 97.5%
2026-02-10 02:39:38,531 | INFO | 💧 Insertando: Humedad_Patio   | 80.3%
2026-02-10 02:39:43,534 | INFO | --- ⏱️ Ciclo: 2026-02-10 01:39:43 ---
2026-02-10 02:39:43,535 | INFO | 📡 Insertando: Sensor_Patio    | Temp: 13.08°C
2026-02-10 02:39:43,535 | INFO | 📡 Insertando: Sensor_Cocina   | Temp: 15.70°C
2026-02-10 02:39:43,535 | INFO | 📡 Insertando: Sensor_Salon    | Temp: 19.83°C
2026-02-10 02:39:43,535 | INFO | 🔋 Insertando: Bateria_General | 97.0%
2026-02-10 02:39:43,535 | INFO | 💧 Insertando: Humedad_Patio   | 79.3%
2026-02-10 02:39:48,538 | INFO | --- ⏱️ Ciclo: 2026-02-10 01:39:48 ---
2026-02-10 02:39:48,538 | INFO | 📡 Insertando: Sensor_Patio    | Temp: 10.11°C
2026-02-10 02:39:48,538 | INFO | 📡 Insertando: Sensor_Cocina   | Temp: 17.81°C
2026-02-10 02:39:48,539 | INFO | 📡 Insertando: Sensor_Salon    | Temp: 16.86°C
2026-02-10 02:39:48,539 | INFO | 🔋 Insertando: Bateria_General | 96.5%
2026-02-10 02:39:48,539 | INFO | 💧 Insertando: Humedad_Patio   | 83.5%
2026-02-10 02:39:53,542 | INFO | --- ⏱️ Ciclo: 2026-02-10 01:39:53 ---
2026-02-10 02:39:53,542 | INFO | 📡 Insertando: Sensor_Patio    | Temp: 12.52°C
2026-02-10 02:39:53,543 | INFO | 📡 Insertando: Sensor_Cocina   | Temp: 17.74°C
2026-02-10 02:39:53,543 | INFO | 📡 Insertando: Sensor_Salon    | Temp: 19.50°C
2026-02-10 02:39:53,543 | INFO | 🔋 Insertando: Bateria_General | 96.0%
2026-02-10 02:39:53,543 | INFO | 💧 Insertando: Humedad_Patio   | 80.0%
2026-02-10 02:39:58,547 | INFO | --- ⏱️ Ciclo: 2026-02-10 01:39:58 ---
2026-02-10 02:39:58,547 | INFO | 📡 Insertando: Sensor_Patio    | Temp: 10.68°C
2026-02-10 02:39:58,548 | INFO | 📡 Insertando: Sensor_Cocina   | Temp: 16.87°C
2026-02-10 02:39:58,548 | INFO | 📡 Insertando: Sensor_Salon    | Temp: 17.44°C
2026-02-10 02:39:58,548 | INFO | 🔋 Insertando: Bateria_General | 95.5%
2026-02-10 02:39:58,548 | INFO | 💧 Insertando: Humedad_Patio   | 85.0%
2026-02-10 02:40:03,552 | INFO | --- ⏱️ Ciclo: 2026-02-10 01:40:03 ---
2026-02-10 02:40:03,552 | INFO | 📡 Insertando: Sensor_Patio    | Temp: 12.71°C
2026-02-10 02:40:03,553 | INFO | 📡 Insertando: Sensor_Cocina   | Temp: 13.78°C
2026-02-10 02:40:03,553 | INFO | 📡 Insertando: Sensor_Salon    | Temp: 14.46°C
2026-02-10 02:40:03,553 | INFO | 🔋 Insertando: Bateria_General | 95.0%
2026-02-10 02:40:03,553 | INFO | 💧 Insertando: Humedad_Patio   | 79.0%
2026-02-10 02:40:08,556 | INFO | --- ⏱️ Ciclo: 2026-02-10 01:40:08 ---
2026-02-10 02:40:08,557 | INFO | 📡 Insertando: Sensor_Patio    | Temp: 12.97°C
2026-02-10 02:40:08,557 | INFO | 📡 Insertando: Sensor_Cocina   | Temp: 16.00°C
2026-02-10 02:40:08,557 | INFO | 📡 Insertando: Sensor_Salon    | Temp: 11.74°C
2026-02-10 02:40:08,558 | INFO | 🔋 Insertando: Bateria_General | 94.5%
2026-02-10 02:40:08,558 | INFO | 💧 Insertando: Humedad_Patio   | 79.8%
2026-02-10 02:40:13,561 | INFO | --- ⏱️ Ciclo: 2026-02-10 01:40:13 ---
2026-02-10 02:40:13,567 | INFO | 📡 Insertando: Sensor_Patio    | Temp: 11.08°C
2026-02-10 02:40:13,568 | INFO | 📡 Insertando: Sensor_Cocina   | Temp: 18.73°C
2026-02-10 02:40:13,568 | INFO | 📡 Insertando: Sensor_Salon    | Temp: 12.75°C
2026-02-10 02:40:13,569 | INFO | 🔋 Insertando: Bateria_General | 94.0%
2026-02-10 02:40:13,569 | INFO | 💧 Insertando: Humedad_Patio   | 83.0%
2026-02-10 02:40:18,570 | INFO | --- ⏱️ Ciclo: 2026-02-10 01:40:18 ---
2026-02-10 02:40:18,570 | INFO | 📡 Insertando: Sensor_Patio    | Temp: 11.31°C
2026-02-10 02:40:18,571 | INFO | 📡 Insertando: Sensor_Cocina   | Temp: 16.26°C
2026-02-10 02:40:18,571 | INFO | 📡 Insertando: Sensor_Salon    | Temp: 15.89°C
2026-02-10 02:40:18,571 | INFO | 🔋 Insertando: Bateria_General | 93.5%
2026-02-10 02:40:18,571 | INFO | 💧 Insertando: Humedad_Patio   | 82.8%
2026-02-10 02:40:23,574 | INFO | --- ⏱️ Ciclo: 2026-02-10 01:40:23 ---
2026-02-10 02:40:23,576 | INFO | 📡 Insertando: Sensor_Patio    | Temp: 13.96°C
2026-02-10 02:40:23,576 | INFO | 📡 Insertando: Sensor_Cocina   | Temp: 18.77°C
2026-02-10 02:40:23,577 | INFO | 📡 Insertando: Sensor_Salon    | Temp: 13.24°C
2026-02-10 02:40:23,577 | INFO | 🔋 Insertando: Bateria_General | 93.0%
2026-02-10 02:40:23,577 | INFO | 💧 Insertando: Humedad_Patio   | 78.9%
2026-02-10 02:40:28,578 | INFO | --- ⏱️ Ciclo: 2026-02-10 01:40:28 ---
2026-02-10 02:40:28,578 | INFO | 📡 Insertando: Sensor_Patio    | Temp: 16.70°C
2026-02-10 02:40:28,579 | INFO | 📡 Insertando: Sensor_Cocina   | Temp: 17.33°C
2026-02-10 02:40:28,579 | INFO | 📡 Insertando: Sensor_Salon    | Temp: 10.47°C
2026-02-10 02:40:28,579 | INFO | 🔋 Insertando: Bateria_General | 92.5%
2026-02-10 02:40:28,579 | INFO | 💧 Insertando: Humedad_Patio   | 73.0%
2026-02-10 02:40:33,586 | INFO | --- ⏱️ Ciclo: 2026-02-10 01:40:33 ---
2026-02-10 02:40:33,587 | INFO | 📡 Insertando: Sensor_Patio    | Temp: 19.17°C
2026-02-10 02:40:33,587 | INFO | 📡 Insertando: Sensor_Cocina   | Temp: 14.34°C
2026-02-10 02:40:33,587 | INFO | 📡 Insertando: Sensor_Salon    | Temp: 12.72°C
2026-02-10 02:40:33,587 | INFO | 🔋 Insertando: Bateria_General | 92.0%
2026-02-10 02:40:33,588 | INFO | 💧 Insertando: Humedad_Patio   | 71.1%
2026-02-10 02:40:38,591 | INFO | --- ⏱️ Ciclo: 2026-02-10 01:40:38 ---
2026-02-10 02:40:38,591 | INFO | 📡 Insertando: Sensor_Patio    | Temp: 18.19°C
2026-02-10 02:40:38,591 | INFO | 📡 Insertando: Sensor_Cocina   | Temp: 18.16°C
2026-02-10 02:40:38,591 | INFO | 📡 Insertando: Sensor_Salon    | Temp: 10.60°C
2026-02-10 02:40:38,591 | INFO | 🔋 Insertando: Bateria_General | 91.5%
2026-02-10 02:40:38,591 | INFO | 💧 Insertando: Humedad_Patio   | 74.5%
2026-02-10 02:40:43,594 | INFO | --- ⏱️ Ciclo: 2026-02-10 01:40:43 ---
2026-02-10 02:40:43,594 | INFO | 📡 Insertando: Sensor_Patio    | Temp: 15.75°C
2026-02-10 02:40:43,595 | INFO | 📡 Insertando: Sensor_Cocina   | Temp: 15.81°C
2026-02-10 02:40:43,595 | INFO | 📡 Insertando: Sensor_Salon    | Temp: 11.74°C
2026-02-10 02:40:43,595 | INFO | 🔋 Insertando: Bateria_General | 91.0%
2026-02-10 02:40:43,595 | INFO | 💧 Insertando: Humedad_Patio   | 76.2%
2026-02-10 02:40:48,598 | INFO | --- ⏱️ Ciclo: 2026-02-10 01:40:48 ---
2026-02-10 02:40:48,598 | INFO | 📡 Insertando: Sensor_Patio    | Temp: 13.14°C
2026-02-10 02:40:48,599 | INFO | 📡 Insertando: Sensor_Cocina   | Temp: 18.49°C
2026-02-10 02:40:48,599 | INFO | 📡 Insertando: Sensor_Salon    | Temp: 13.99°C
2026-02-10 02:40:48,599 | INFO | 🔋 Insertando: Bateria_General | 90.5%
2026-02-10 02:40:48,599 | INFO | 💧 Insertando: Humedad_Patio   | 78.7%
2026-02-10 02:40:53,602 | INFO | --- ⏱️ Ciclo: 2026-02-10 01:40:53 ---
2026-02-10 02:40:53,602 | INFO | 📡 Insertando: Sensor_Patio    | Temp: 10.12°C
2026-02-10 02:40:53,602 | INFO | 📡 Insertando: Sensor_Cocina   | Temp: 15.38°C
2026-02-10 02:40:53,602 | INFO | 📡 Insertando: Sensor_Salon    | Temp: 17.50°C
2026-02-10 02:40:53,602 | INFO | 🔋 Insertando: Bateria_General | 90.0%
2026-02-10 02:40:53,602 | INFO | 💧 Insertando: Humedad_Patio   | 83.9%
2026-02-10 02:40:58,606 | INFO | --- ⏱️ Ciclo: 2026-02-10 01:40:58 ---
2026-02-10 02:40:58,606 | INFO | 📡 Insertando: Sensor_Patio    | Temp: 12.59°C
2026-02-10 02:40:58,606 | INFO | 📡 Insertando: Sensor_Cocina   | Temp: 18.28°C
2026-02-10 02:40:58,606 | INFO | 📡 Insertando: Sensor_Salon    | Temp: 15.27°C
2026-02-10 02:40:58,607 | INFO | 🔋 Insertando: Bateria_General | 89.5%
2026-02-10 02:40:58,607 | INFO | 💧 Insertando: Humedad_Patio   | 82.1%
2026-02-10 02:41:03,610 | INFO | --- ⏱️ Ciclo: 2026-02-10 01:41:03 ---
2026-02-10 02:41:03,611 | INFO | 📡 Insertando: Sensor_Patio    | Temp: 15.42°C
2026-02-10 02:41:03,611 | INFO | 📡 Insertando: Sensor_Cocina   | Temp: 17.41°C
2026-02-10 02:41:03,612 | INFO | 📡 Insertando: Sensor_Salon    | Temp: 17.17°C
2026-02-10 02:41:03,612 | INFO | 🔋 Insertando: Bateria_General | 89.0%
2026-02-10 02:41:03,612 | INFO | 💧 Insertando: Humedad_Patio   | 76.6%
2026-02-10 02:41:08,616 | INFO | --- ⏱️ Ciclo: 2026-02-10 01:41:08 ---
2026-02-10 02:41:08,616 | INFO | 📡 Insertando: Sensor_Patio    | Temp: 17.95°C
2026-02-10 02:41:08,617 | INFO | 📡 Insertando: Sensor_Cocina   | Temp: 19.77°C
2026-02-10 02:41:08,617 | INFO | 📡 Insertando: Sensor_Salon    | Temp: 19.43°C
2026-02-10 02:41:08,617 | INFO | 🔋 Insertando: Bateria_General | 88.5%
2026-02-10 02:41:08,617 | INFO | 💧 Insertando: Humedad_Patio   | 71.6%
2026-02-10 02:41:13,620 | INFO | --- ⏱️ Ciclo: 2026-02-10 01:41:13 ---
2026-02-10 02:41:13,620 | INFO | 📡 Insertando: Sensor_Patio    | Temp: 17.15°C
2026-02-10 02:41:13,620 | INFO | 📡 Insertando: Sensor_Cocina   | Temp: 16.60°C
2026-02-10 02:41:13,620 | INFO | 📡 Insertando: Sensor_Salon    | Temp: 16.95°C
2026-02-10 02:41:13,621 | INFO | 🔋 Insertando: Bateria_General | 88.0%
2026-02-10 02:41:13,621 | INFO | 💧 Insertando: Humedad_Patio   | 74.5%
2026-02-10 02:41:18,624 | INFO | --- ⏱️ Ciclo: 2026-02-10 01:41:18 ---
2026-02-10 02:41:18,624 | INFO | 📡 Insertando: Sensor_Patio    | Temp: 14.97°C
2026-02-10 02:41:18,624 | INFO | 📡 Insertando: Sensor_Cocina   | Temp: 18.38°C
2026-02-10 02:41:18,624 | INFO | 📡 Insertando: Sensor_Salon    | Temp: 14.15°C
2026-02-10 02:41:18,624 | INFO | 🔋 Insertando: Bateria_General | 87.5%
2026-02-10 02:41:18,624 | INFO | 💧 Insertando: Humedad_Patio   | 77.4%
2026-02-10 02:41:23,632 | INFO | --- ⏱️ Ciclo: 2026-02-10 01:41:23 ---
2026-02-10 02:41:23,632 | INFO | 📡 Insertando: Sensor_Patio    | Temp: 18.14°C
2026-02-10 02:41:23,633 | INFO | 📡 Insertando: Sensor_Cocina   | Temp: 15.57°C
2026-02-10 02:41:23,633 | INFO | 📡 Insertando: Sensor_Salon    | Temp: 16.32°C
2026-02-10 02:41:23,633 | INFO | 🔋 Insertando: Bateria_General | 87.0%
2026-02-10 02:41:23,633 | INFO | 💧 Insertando: Humedad_Patio   | 71.0%
2026-02-10 02:41:28,634 | INFO | --- ⏱️ Ciclo: 2026-02-10 01:41:28 ---
2026-02-10 02:41:28,634 | INFO | 📡 Insertando: Sensor_Patio    | Temp: 17.71°C
2026-02-10 02:41:28,635 | INFO | 📡 Insertando: Sensor_Cocina   | Temp: 18.90°C
2026-02-10 02:41:28,635 | INFO | 📡 Insertando: Sensor_Salon    | Temp: 18.87°C
2026-02-10 02:41:28,635 | INFO | 🔋 Insertando: Bateria_General | 86.5%
2026-02-10 02:41:28,635 | INFO | 💧 Insertando: Humedad_Patio   | 73.9%
2026-02-10 02:41:33,638 | INFO | --- ⏱️ Ciclo: 2026-02-10 01:41:33 ---
2026-02-10 02:41:33,638 | INFO | 📡 Insertando: Sensor_Patio    | Temp: 14.66°C
2026-02-10 02:41:33,639 | INFO | 📡 Insertando: Sensor_Cocina   | Temp: 16.59°C
2026-02-10 02:41:33,639 | INFO | 📡 Insertando: Sensor_Salon    | Temp: 16.64°C
2026-02-10 02:41:33,639 | INFO | 🔋 Insertando: Bateria_General | 86.0%
2026-02-10 02:41:33,639 | INFO | 💧 Insertando: Humedad_Patio   | 78.1%
2026-02-10 02:41:38,642 | INFO | --- ⏱️ Ciclo: 2026-02-10 01:41:38 ---
2026-02-10 02:41:38,642 | INFO | 📡 Insertando: Sensor_Patio    | Temp: 17.87°C
2026-02-10 02:41:38,642 | INFO | 📡 Insertando: Sensor_Cocina   | Temp: 19.49°C
2026-02-10 02:41:38,642 | INFO | 📡 Insertando: Sensor_Salon    | Temp: 19.28°C
2026-02-10 02:41:38,642 | INFO | 🔋 Insertando: Bateria_General | 85.5%
2026-02-10 02:41:38,642 | INFO | 💧 Insertando: Humedad_Patio   | 71.7%
2026-02-10 02:41:43,649 | INFO | --- ⏱️ Ciclo: 2026-02-10 01:41:43 ---
2026-02-10 02:41:43,651 | INFO | 📡 Insertando: Sensor_Patio    | Temp: 19.30°C
2026-02-10 02:41:43,652 | INFO | 📡 Insertando: Sensor_Cocina   | Temp: 17.60°C
2026-02-10 02:41:43,652 | INFO | 📡 Insertando: Sensor_Salon    | Temp: 17.94°C
2026-02-10 02:41:43,652 | INFO | 🔋 Insertando: Bateria_General | 85.0%
2026-02-10 02:41:43,652 | INFO | 💧 Insertando: Humedad_Patio   | 69.4%
2026-02-10 02:41:48,653 | INFO | --- ⏱️ Ciclo: 2026-02-10 01:41:48 ---
2026-02-10 02:41:48,653 | INFO | 📡 Insertando: Sensor_Patio    | Temp: 17.33°C
2026-02-10 02:41:48,654 | INFO | 📡 Insertando: Sensor_Cocina   | Temp: 18.82°C
2026-02-10 02:41:48,654 | INFO | 📡 Insertando: Sensor_Salon    | Temp: 14.68°C
2026-02-10 02:41:48,654 | INFO | 🔋 Insertando: Bateria_General | 84.5%
2026-02-10 02:41:48,654 | INFO | 💧 Insertando: Humedad_Patio   | 74.0%
2026-02-10 02:41:53,661 | INFO | --- ⏱️ Ciclo: 2026-02-10 01:41:53 ---
2026-02-10 02:41:53,667 | INFO | 📡 Insertando: Sensor_Patio    | Temp: 15.20°C
2026-02-10 02:41:53,668 | INFO | 📡 Insertando: Sensor_Cocina   | Temp: 18.22°C
2026-02-10 02:41:53,668 | INFO | 📡 Insertando: Sensor_Salon    | Temp: 17.28°C
2026-02-10 02:41:53,668 | INFO | 🔋 Insertando: Bateria_General | 84.0%
2026-02-10 02:41:53,668 | INFO | 💧 Insertando: Humedad_Patio   | 78.1%
2026-02-10 02:41:58,670 | INFO | --- ⏱️ Ciclo: 2026-02-10 01:41:58 ---
2026-02-10 02:41:58,670 | INFO | 📡 Insertando: Sensor_Patio    | Temp: 13.19°C
2026-02-10 02:41:58,670 | INFO | 📡 Insertando: Sensor_Cocina   | Temp: 15.88°C
2026-02-10 02:41:58,670 | INFO | 📡 Insertando: Sensor_Salon    | Temp: 15.34°C
2026-02-10 02:41:58,670 | INFO | 🔋 Insertando: Bateria_General | 83.5%
2026-02-10 02:41:58,670 | INFO | 💧 Insertando: Humedad_Patio   | 79.4%
2026-02-10 02:42:03,692 | INFO | --- ⏱️ Ciclo: 2026-02-10 01:42:03 ---
2026-02-10 02:42:03,692 | INFO | 📡 Insertando: Sensor_Patio    | Temp: 15.00°C
2026-02-10 02:42:03,693 | INFO | 📡 Insertando: Sensor_Cocina   | Temp: 14.43°C
2026-02-10 02:42:03,693 | INFO | 📡 Insertando: Sensor_Salon    | Temp: 18.51°C
2026-02-10 02:42:03,693 | INFO | 🔋 Insertando: Bateria_General | 83.0%
2026-02-10 02:42:03,693 | INFO | 💧 Insertando: Humedad_Patio   | 75.6%
2026-02-10 02:42:08,696 | INFO | --- ⏱️ Ciclo: 2026-02-10 01:42:08 ---
2026-02-10 02:42:08,696 | INFO | 📡 Insertando: Sensor_Patio    | Temp: 11.38°C
2026-02-10 02:42:08,696 | INFO | 📡 Insertando: Sensor_Cocina   | Temp: 16.78°C
2026-02-10 02:42:08,696 | INFO | 📡 Insertando: Sensor_Salon    | Temp: 15.68°C
2026-02-10 02:42:08,696 | INFO | 🔋 Insertando: Bateria_General | 82.5%
2026-02-10 02:42:08,696 | INFO | 💧 Insertando: Humedad_Patio   | 83.9%
2026-02-10 02:42:13,704 | INFO | --- ⏱️ Ciclo: 2026-02-10 01:42:13 ---
2026-02-10 02:42:13,704 | INFO | 📡 Insertando: Sensor_Patio    | Temp: 12.59°C
2026-02-10 02:42:13,705 | INFO | 📡 Insertando: Sensor_Cocina   | Temp: 19.87°C
2026-02-10 02:42:13,705 | INFO | 📡 Insertando: Sensor_Salon    | Temp: 18.52°C
2026-02-10 02:42:13,705 | INFO | 🔋 Insertando: Bateria_General | 82.0%
2026-02-10 02:42:13,705 | INFO | 💧 Insertando: Humedad_Patio   | 80.5%
2026-02-10 02:42:18,708 | INFO | --- ⏱️ Ciclo: 2026-02-10 01:42:18 ---
2026-02-10 02:42:18,708 | INFO | 📡 Insertando: Sensor_Patio    | Temp: 15.58°C
2026-02-10 02:42:18,708 | INFO | 📡 Insertando: Sensor_Cocina   | Temp: 16.85°C
2026-02-10 02:42:18,708 | INFO | 📡 Insertando: Sensor_Salon    | Temp: 15.63°C
2026-02-10 02:42:18,708 | INFO | 🔋 Insertando: Bateria_General | 81.5%
2026-02-10 02:42:18,708 | INFO | 💧 Insertando: Humedad_Patio   | 75.4%
2026-02-10 02:42:23,712 | INFO | --- ⏱️ Ciclo: 2026-02-10 01:42:23 ---
2026-02-10 02:42:23,718 | INFO | 📡 Insertando: Sensor_Patio    | Temp: 13.93°C
2026-02-10 02:42:23,719 | INFO | 📡 Insertando: Sensor_Cocina   | Temp: 14.65°C
2026-02-10 02:42:23,719 | INFO | 📡 Insertando: Sensor_Salon    | Temp: 17.93°C
2026-02-10 02:42:23,719 | INFO | 🔋 Insertando: Bateria_General | 81.0%
2026-02-10 02:42:23,719 | INFO | 💧 Insertando: Humedad_Patio   | 77.7%
2026-02-10 02:42:28,720 | INFO | --- ⏱️ Ciclo: 2026-02-10 01:42:28 ---
2026-02-10 02:42:28,721 | INFO | 📡 Insertando: Sensor_Patio    | Temp: 17.28°C
2026-02-10 02:42:28,721 | INFO | 📡 Insertando: Sensor_Cocina   | Temp: 12.53°C
2026-02-10 02:42:28,721 | INFO | 📡 Insertando: Sensor_Salon    | Temp: 15.45°C
2026-02-10 02:42:28,721 | INFO | 🔋 Insertando: Bateria_General | 80.5%
2026-02-10 02:42:28,721 | INFO | 💧 Insertando: Humedad_Patio   | 74.1%
2026-02-10 02:42:33,723 | INFO | --- ⏱️ Ciclo: 2026-02-10 01:42:33 ---
2026-02-10 02:42:33,723 | INFO | 📡 Insertando: Sensor_Patio    | Temp: 19.56°C
2026-02-10 02:42:33,723 | INFO | 📡 Insertando: Sensor_Cocina   | Temp: 15.37°C
2026-02-10 02:42:33,723 | INFO | 📡 Insertando: Sensor_Salon    | Temp: 17.69°C
2026-02-10 02:42:33,723 | INFO | 🔋 Insertando: Bateria_General | 80.0%
2026-02-10 02:42:33,723 | INFO | 💧 Insertando: Humedad_Patio   | 69.8%
2026-02-10 02:42:38,730 | INFO | --- ⏱️ Ciclo: 2026-02-10 01:42:38 ---
2026-02-10 02:42:38,731 | INFO | 📡 Insertando: Sensor_Patio    | Temp: 16.89°C
2026-02-10 02:42:38,731 | INFO | 📡 Insertando: Sensor_Cocina   | Temp: 12.34°C
2026-02-10 02:42:38,731 | INFO | 📡 Insertando: Sensor_Salon    | Temp: 16.21°C
2026-02-10 02:42:38,731 | INFO | 🔋 Insertando: Bateria_General | 79.5%
2026-02-10 02:42:38,731 | INFO | 💧 Insertando: Humedad_Patio   | 72.8%
2026-02-10 02:42:43,738 | INFO | --- ⏱️ Ciclo: 2026-02-10 01:42:43 ---
2026-02-10 02:42:43,738 | INFO | 📡 Insertando: Sensor_Patio    | Temp: 15.35°C
2026-02-10 02:42:43,739 | INFO | 📡 Insertando: Sensor_Cocina   | Temp: 13.87°C
2026-02-10 02:42:43,739 | INFO | 📡 Insertando: Sensor_Salon    | Temp: 13.15°C
2026-02-10 02:42:43,739 | INFO | 🔋 Insertando: Bateria_General | 79.0%
2026-02-10 02:42:43,739 | INFO | 💧 Insertando: Humedad_Patio   | 76.8%
2026-02-10 02:42:48,743 | INFO | --- ⏱️ Ciclo: 2026-02-10 01:42:48 ---
2026-02-10 02:42:48,743 | INFO | 📡 Insertando: Sensor_Patio    | Temp: 18.51°C
2026-02-10 02:42:48,743 | INFO | 📡 Insertando: Sensor_Cocina   | Temp: 10.94°C
2026-02-10 02:42:48,743 | INFO | 📡 Insertando: Sensor_Salon    | Temp: 10.13°C
2026-02-10 02:42:48,743 | INFO | 🔋 Insertando: Bateria_General | 78.5%
2026-02-10 02:42:48,743 | INFO | 💧 Insertando: Humedad_Patio   | 71.1%
2026-02-10 02:42:53,747 | INFO | --- ⏱️ Ciclo: 2026-02-10 01:42:53 ---
2026-02-10 02:42:53,747 | INFO | 📡 Insertando: Sensor_Patio    | Temp: 16.75°C
2026-02-10 02:42:53,747 | INFO | 📡 Insertando: Sensor_Cocina   | Temp: 13.53°C
2026-02-10 02:42:53,747 | INFO | 📡 Insertando: Sensor_Salon    | Temp: 12.88°C
2026-02-10 02:42:53,748 | INFO | 🔋 Insertando: Bateria_General | 78.0%
2026-02-10 02:42:53,748 | INFO | 💧 Insertando: Humedad_Patio   | 73.1%
2026-02-10 02:42:58,751 | INFO | --- ⏱️ Ciclo: 2026-02-10 01:42:58 ---
2026-02-10 02:42:58,751 | INFO | 📡 Insertando: Sensor_Patio    | Temp: 19.62°C
2026-02-10 02:42:58,752 | INFO | 📡 Insertando: Sensor_Cocina   | Temp: 10.41°C
2026-02-10 02:42:58,752 | INFO | 📡 Insertando: Sensor_Salon    | Temp: 14.57°C
2026-02-10 02:42:58,752 | INFO | 🔋 Insertando: Bateria_General | 77.5%
2026-02-10 02:42:58,752 | INFO | 💧 Insertando: Humedad_Patio   | 71.9%
2026-02-10 02:43:03,760 | INFO | --- ⏱️ Ciclo: 2026-02-10 01:43:03 ---
2026-02-10 02:43:03,760 | INFO | 📡 Insertando: Sensor_Patio    | Temp: 17.16°C
2026-02-10 02:43:03,760 | INFO | 📡 Insertando: Sensor_Cocina   | Temp: 13.53°C
2026-02-10 02:43:03,760 | INFO | 📡 Insertando: Sensor_Salon    | Temp: 12.22°C
2026-02-10 02:43:03,760 | INFO | 🔋 Insertando: Bateria_General | 77.0%
2026-02-10 02:43:03,761 | INFO | 💧 Insertando: Humedad_Patio   | 72.4%
2026-02-10 02:43:08,764 | INFO | --- ⏱️ Ciclo: 2026-02-10 01:43:08 ---
2026-02-10 02:43:08,764 | INFO | 📡 Insertando: Sensor_Patio    | Temp: 14.45°C
2026-02-10 02:43:08,764 | INFO | 📡 Insertando: Sensor_Cocina   | Temp: 16.20°C
2026-02-10 02:43:08,764 | INFO | 📡 Insertando: Sensor_Salon    | Temp: 14.81°C
2026-02-10 02:43:08,764 | INFO | 🔋 Insertando: Bateria_General | 76.5%
2026-02-10 02:43:08,765 | INFO | 💧 Insertando: Humedad_Patio   | 79.2%
2026-02-10 02:43:13,768 | INFO | --- ⏱️ Ciclo: 2026-02-10 01:43:13 ---
2026-02-10 02:43:13,768 | INFO | 📡 Insertando: Sensor_Patio    | Temp: 12.61°C
2026-02-10 02:43:13,768 | INFO | 📡 Insertando: Sensor_Cocina   | Temp: 13.68°C
2026-02-10 02:43:13,768 | INFO | 📡 Insertando: Sensor_Salon    | Temp: 17.86°C
2026-02-10 02:43:13,768 | INFO | 🔋 Insertando: Bateria_General | 76.0%
2026-02-10 02:43:13,768 | INFO | 💧 Insertando: Humedad_Patio   | 81.2%
2026-02-10 02:43:18,771 | INFO | --- ⏱️ Ciclo: 2026-02-10 01:43:18 ---
2026-02-10 02:43:18,772 | INFO | 📡 Insertando: Sensor_Patio    | Temp: 10.61°C
2026-02-10 02:43:18,772 | INFO | 📡 Insertando: Sensor_Cocina   | Temp: 11.43°C
2026-02-10 02:43:18,772 | INFO | 📡 Insertando: Sensor_Salon    | Temp: 15.17°C
2026-02-10 02:43:18,772 | INFO | 🔋 Insertando: Bateria_General | 75.5%
2026-02-10 02:43:18,772 | INFO | 💧 Insertando: Humedad_Patio   | 84.1%
2026-02-10 02:43:23,780 | INFO | --- ⏱️ Ciclo: 2026-02-10 01:43:23 ---
2026-02-10 02:43:23,786 | INFO | 📡 Insertando: Sensor_Patio    | Temp: 13.25°C
2026-02-10 02:43:23,786 | INFO | 📡 Insertando: Sensor_Cocina   | Temp: 12.63°C
2026-02-10 02:43:23,786 | INFO | 📡 Insertando: Sensor_Salon    | Temp: 17.45°C
2026-02-10 02:43:23,786 | INFO | 🔋 Insertando: Bateria_General | 75.0%
2026-02-10 02:43:23,786 | INFO | 💧 Insertando: Humedad_Patio   | 79.0%
2026-02-10 02:43:28,788 | INFO | --- ⏱️ Ciclo: 2026-02-10 01:43:28 ---
2026-02-10 02:43:28,788 | INFO | 📡 Insertando: Sensor_Patio    | Temp: 10.92°C
2026-02-10 02:43:28,788 | INFO | 📡 Insertando: Sensor_Cocina   | Temp: 12.72°C
2026-02-10 02:43:28,788 | INFO | 📡 Insertando: Sensor_Salon    | Temp: 17.42°C
2026-02-10 02:43:28,788 | INFO | 🔋 Insertando: Bateria_General | 74.5%
2026-02-10 02:43:28,788 | INFO | 💧 Insertando: Humedad_Patio   | 83.9%
2026-02-10 02:43:33,790 | INFO | --- ⏱️ Ciclo: 2026-02-10 01:43:33 ---
2026-02-10 02:43:33,790 | INFO | 📡 Insertando: Sensor_Patio    | Temp: 13.37°C
2026-02-10 02:43:33,790 | INFO | 📡 Insertando: Sensor_Cocina   | Temp: 10.49°C
2026-02-10 02:43:33,790 | INFO | 📡 Insertando: Sensor_Salon    | Temp: 19.30°C
2026-02-10 02:43:33,790 | INFO | 🔋 Insertando: Bateria_General | 74.0%
2026-02-10 02:43:33,790 | INFO | 💧 Insertando: Humedad_Patio   | 81.4%
2026-02-10 02:43:38,793 | INFO | --- ⏱️ Ciclo: 2026-02-10 01:43:38 ---
2026-02-10 02:43:38,793 | INFO | 📡 Insertando: Sensor_Patio    | Temp: 15.28°C
2026-02-10 02:43:38,794 | INFO | 📡 Insertando: Sensor_Cocina   | Temp: 12.87°C
2026-02-10 02:43:38,794 | INFO | 📡 Insertando: Sensor_Salon    | Temp: 17.87°C
2026-02-10 02:43:38,794 | INFO | 🔋 Insertando: Bateria_General | 73.5%
2026-02-10 02:43:38,794 | INFO | 💧 Insertando: Humedad_Patio   | 76.4%
2026-02-10 02:43:43,797 | INFO | --- ⏱️ Ciclo: 2026-02-10 01:43:43 ---
2026-02-10 02:43:43,797 | INFO | 📡 Insertando: Sensor_Patio    | Temp: 13.53°C
2026-02-10 02:43:43,798 | INFO | 📡 Insertando: Sensor_Cocina   | Temp: 15.82°C
2026-02-10 02:43:43,798 | INFO | 📡 Insertando: Sensor_Salon    | Temp: 15.73°C
2026-02-10 02:43:43,798 | INFO | 🔋 Insertando: Bateria_General | 73.0%
2026-02-10 02:43:43,798 | INFO | 💧 Insertando: Humedad_Patio   | 80.2%
2026-02-10 02:43:48,801 | INFO | --- ⏱️ Ciclo: 2026-02-10 01:43:48 ---
2026-02-10 02:43:48,801 | INFO | 📡 Insertando: Sensor_Patio    | Temp: 10.64°C
2026-02-10 02:43:48,802 | INFO | 📡 Insertando: Sensor_Cocina   | Temp: 18.19°C
2026-02-10 02:43:48,802 | INFO | 📡 Insertando: Sensor_Salon    | Temp: 17.99°C
2026-02-10 02:43:48,802 | INFO | 🔋 Insertando: Bateria_General | 72.5%
2026-02-10 02:43:48,802 | INFO | 💧 Insertando: Humedad_Patio   | 83.5%
2026-02-10 02:43:53,805 | INFO | --- ⏱️ Ciclo: 2026-02-10 01:43:53 ---
2026-02-10 02:43:53,811 | INFO | 📡 Insertando: Sensor_Patio    | Temp: 13.40°C
2026-02-10 02:43:53,811 | INFO | 📡 Insertando: Sensor_Cocina   | Temp: 17.59°C
2026-02-10 02:43:53,811 | INFO | 📡 Insertando: Sensor_Salon    | Temp: 15.99°C
2026-02-10 02:43:53,811 | INFO | 🔋 Insertando: Bateria_General | 72.0%
2026-02-10 02:43:53,811 | INFO | 💧 Insertando: Humedad_Patio   | 79.2%
2026-02-10 02:43:58,813 | INFO | --- ⏱️ Ciclo: 2026-02-10 01:43:58 ---
2026-02-10 02:43:58,813 | INFO | 📡 Insertando: Sensor_Patio    | Temp: 15.79°C
2026-02-10 02:43:58,814 | INFO | 📡 Insertando: Sensor_Cocina   | Temp: 14.90°C
2026-02-10 02:43:58,814 | INFO | 📡 Insertando: Sensor_Salon    | Temp: 18.77°C
2026-02-10 02:43:58,814 | INFO | 🔋 Insertando: Bateria_General | 71.5%
2026-02-10 02:43:58,814 | INFO | 💧 Insertando: Humedad_Patio   | 77.1%
2026-02-10 02:44:03,816 | INFO | --- ⏱️ Ciclo: 2026-02-10 01:44:03 ---
2026-02-10 02:44:03,818 | INFO | 📡 Insertando: Sensor_Patio    | Temp: 18.17°C
2026-02-10 02:44:03,819 | INFO | 📡 Insertando: Sensor_Cocina   | Temp: 12.40°C
2026-02-10 02:44:03,820 | INFO | 📡 Insertando: Sensor_Salon    | Temp: 16.15°C
2026-02-10 02:44:03,820 | INFO | 🔋 Insertando: Bateria_General | 71.0%
2026-02-10 02:44:03,820 | INFO | 💧 Insertando: Humedad_Patio   | 72.0%
2026-02-10 02:44:08,822 | INFO | --- ⏱️ Ciclo: 2026-02-10 01:44:08 ---
2026-02-10 02:44:08,823 | INFO | 📡 Insertando: Sensor_Patio    | Temp: 17.58°C
2026-02-10 02:44:08,823 | INFO | 📡 Insertando: Sensor_Cocina   | Temp: 14.84°C
2026-02-10 02:44:08,823 | INFO | 📡 Insertando: Sensor_Salon    | Temp: 18.41°C
2026-02-10 02:44:08,824 | INFO | 🔋 Insertando: Bateria_General | 70.5%
2026-02-10 02:44:08,824 | INFO | 💧 Insertando: Humedad_Patio   | 74.6%
2026-02-10 02:44:13,827 | INFO | --- ⏱️ Ciclo: 2026-02-10 01:44:13 ---
2026-02-10 02:44:13,827 | INFO | 📡 Insertando: Sensor_Patio    | Temp: 19.69°C
2026-02-10 02:44:13,828 | INFO | 📡 Insertando: Sensor_Cocina   | Temp: 11.67°C
2026-02-10 02:44:13,828 | INFO | 📡 Insertando: Sensor_Salon    | Temp: 17.10°C
2026-02-10 02:44:13,828 | INFO | 🔋 Insertando: Bateria_General | 70.0%
2026-02-10 02:44:13,828 | INFO | 💧 Insertando: Humedad_Patio   | 68.8%
2026-02-10 02:44:18,851 | INFO | --- ⏱️ Ciclo: 2026-02-10 01:44:18 ---
2026-02-10 02:44:18,851 | INFO | 📡 Insertando: Sensor_Patio    | Temp: 17.75°C
2026-02-10 02:44:18,852 | INFO | 📡 Insertando: Sensor_Cocina   | Temp: 14.35°C
2026-02-10 02:44:18,852 | INFO | 📡 Insertando: Sensor_Salon    | Temp: 19.26°C
2026-02-10 02:44:18,852 | INFO | 🔋 Insertando: Bateria_General | 69.5%
2026-02-10 02:44:18,852 | INFO | 💧 Insertando: Humedad_Patio   | 74.0%
2026-02-10 02:44:23,856 | INFO | --- ⏱️ Ciclo: 2026-02-10 01:44:23 ---
2026-02-10 02:44:23,856 | INFO | 📡 Insertando: Sensor_Patio    | Temp: 17.65°C
2026-02-10 02:44:23,868 | INFO | 📡 Insertando: Sensor_Cocina   | Temp: 17.47°C
2026-02-10 02:44:23,869 | INFO | 📡 Insertando: Sensor_Salon    | Temp: 17.29°C
2026-02-10 02:44:23,869 | INFO | 🔋 Insertando: Bateria_General | 69.0%
2026-02-10 02:44:23,869 | INFO | 💧 Insertando: Humedad_Patio   | 75.4%
2026-02-10 02:44:28,870 | INFO | --- ⏱️ Ciclo: 2026-02-10 01:44:28 ---
2026-02-10 02:44:28,871 | INFO | 📡 Insertando: Sensor_Patio    | Temp: 17.62°C
2026-02-10 02:44:28,872 | INFO | 📡 Insertando: Sensor_Cocina   | Temp: 20.00°C
2026-02-10 02:44:28,872 | INFO | 📡 Insertando: Sensor_Salon    | Temp: 19.41°C
2026-02-10 02:44:28,872 | INFO | 🔋 Insertando: Bateria_General | 68.5%
2026-02-10 02:44:28,872 | INFO | 💧 Insertando: Humedad_Patio   | 71.9%
2026-02-10 02:44:33,875 | INFO | --- ⏱️ Ciclo: 2026-02-10 01:44:33 ---
2026-02-10 02:44:33,875 | INFO | 📡 Insertando: Sensor_Patio    | Temp: 15.15°C
2026-02-10 02:44:33,876 | INFO | 📡 Insertando: Sensor_Cocina   | Temp: 16.31°C
2026-02-10 02:44:33,876 | INFO | 📡 Insertando: Sensor_Salon    | Temp: 16.92°C
2026-02-10 02:44:33,877 | INFO | 🔋 Insertando: Bateria_General | 68.0%
2026-02-10 02:44:33,877 | INFO | 💧 Insertando: Humedad_Patio   | 78.4%
2026-02-10 02:44:38,884 | INFO | --- ⏱️ Ciclo: 2026-02-10 01:44:38 ---
2026-02-10 02:44:38,885 | INFO | 📡 Insertando: Sensor_Patio    | Temp: 16.65°C
2026-02-10 02:44:38,885 | INFO | 📡 Insertando: Sensor_Cocina   | Temp: 18.62°C
2026-02-10 02:44:38,886 | INFO | 📡 Insertando: Sensor_Salon    | Temp: 14.69°C
2026-02-10 02:44:38,886 | INFO | 🔋 Insertando: Bateria_General | 67.5%
2026-02-10 02:44:38,886 | INFO | 💧 Insertando: Humedad_Patio   | 75.5%
2026-02-10 02:44:43,888 | INFO | --- ⏱️ Ciclo: 2026-02-10 01:44:43 ---
2026-02-10 02:44:43,888 | INFO | 📡 Insertando: Sensor_Patio    | Temp: 18.57°C
2026-02-10 02:44:43,889 | INFO | 📡 Insertando: Sensor_Cocina   | Temp: 17.41°C
2026-02-10 02:44:43,889 | INFO | 📡 Insertando: Sensor_Salon    | Temp: 11.92°C
2026-02-10 02:44:43,889 | INFO | 🔋 Insertando: Bateria_General | 67.0%
2026-02-10 02:44:43,889 | INFO | 💧 Insertando: Humedad_Patio   | 73.3%
2026-02-10 02:44:48,893 | INFO | --- ⏱️ Ciclo: 2026-02-10 01:44:48 ---
2026-02-10 02:44:48,893 | INFO | 📡 Insertando: Sensor_Patio    | Temp: 16.97°C
2026-02-10 02:44:48,893 | INFO | 📡 Insertando: Sensor_Cocina   | Temp: 17.36°C
2026-02-10 02:44:48,893 | INFO | 📡 Insertando: Sensor_Salon    | Temp: 12.43°C
2026-02-10 02:44:48,893 | INFO | 🔋 Insertando: Bateria_General | 66.5%
2026-02-10 02:44:48,893 | INFO | 💧 Insertando: Humedad_Patio   | 75.1%
2026-02-10 02:44:53,896 | INFO | --- ⏱️ Ciclo: 2026-02-10 01:44:53 ---
2026-02-10 02:44:53,896 | INFO | 📡 Insertando: Sensor_Patio    | Temp: 16.76°C
2026-02-10 02:44:53,896 | INFO | 📡 Insertando: Sensor_Cocina   | Temp: 17.22°C
2026-02-10 02:44:53,896 | INFO | 📡 Insertando: Sensor_Salon    | Temp: 14.38°C
2026-02-10 02:44:53,896 | INFO | 🔋 Insertando: Bateria_General | 66.0%
2026-02-10 02:44:53,896 | INFO | 💧 Insertando: Humedad_Patio   | 76.3%
2026-02-10 02:44:58,899 | INFO | --- ⏱️ Ciclo: 2026-02-10 01:44:58 ---
2026-02-10 02:44:58,899 | INFO | 📡 Insertando: Sensor_Patio    | Temp: 19.87°C
2026-02-10 02:44:58,900 | INFO | 📡 Insertando: Sensor_Cocina   | Temp: 19.41°C
2026-02-10 02:44:58,900 | INFO | 📡 Insertando: Sensor_Salon    | Temp: 17.07°C
2026-02-10 02:44:58,900 | INFO | 🔋 Insertando: Bateria_General | 65.5%
2026-02-10 02:44:58,901 | INFO | 💧 Insertando: Humedad_Patio   | 68.4%
2026-02-10 02:45:03,903 | INFO | --- ⏱️ Ciclo: 2026-02-10 01:45:03 ---
2026-02-10 02:45:03,904 | INFO | 📡 Insertando: Sensor_Patio    | Temp: 17.16°C
2026-02-10 02:45:03,904 | INFO | 📡 Insertando: Sensor_Cocina   | Temp: 17.55°C
2026-02-10 02:45:03,904 | INFO | 📡 Insertando: Sensor_Salon    | Temp: 14.92°C
2026-02-10 02:45:03,904 | INFO | 🔋 Insertando: Bateria_General | 65.0%
2026-02-10 02:45:03,904 | INFO | 💧 Insertando: Humedad_Patio   | 75.1%
2026-02-10 02:45:08,907 | INFO | --- ⏱️ Ciclo: 2026-02-10 01:45:08 ---
2026-02-10 02:45:08,907 | INFO | 📡 Insertando: Sensor_Patio    | Temp: 15.26°C
2026-02-10 02:45:08,907 | INFO | 📡 Insertando: Sensor_Cocina   | Temp: 14.40°C
2026-02-10 02:45:08,907 | INFO | 📡 Insertando: Sensor_Salon    | Temp: 18.58°C
2026-02-10 02:45:08,907 | INFO | 🔋 Insertando: Bateria_General | 64.5%
2026-02-10 02:45:08,907 | INFO | 💧 Insertando: Humedad_Patio   | 75.4%
2026-02-10 02:45:13,910 | INFO | --- ⏱️ Ciclo: 2026-02-10 01:45:13 ---
2026-02-10 02:45:13,916 | INFO | 📡 Insertando: Sensor_Patio    | Temp: 13.31°C
2026-02-10 02:45:13,917 | INFO | 📡 Insertando: Sensor_Cocina   | Temp: 12.14°C
2026-02-10 02:45:13,917 | INFO | 📡 Insertando: Sensor_Salon    | Temp: 16.92°C
2026-02-10 02:45:13,917 | INFO | 🔋 Insertando: Bateria_General | 64.0%
2026-02-10 02:45:13,917 | INFO | 💧 Insertando: Humedad_Patio   | 80.1%
2026-02-10 02:45:18,919 | INFO | --- ⏱️ Ciclo: 2026-02-10 01:45:18 ---
2026-02-10 02:45:18,919 | INFO | 📡 Insertando: Sensor_Patio    | Temp: 11.14°C
2026-02-10 02:45:18,919 | INFO | 📡 Insertando: Sensor_Cocina   | Temp: 10.88°C
2026-02-10 02:45:18,919 | INFO | 📡 Insertando: Sensor_Salon    | Temp: 18.69°C
2026-02-10 02:45:18,919 | INFO | 🔋 Insertando: Bateria_General | 63.5%
2026-02-10 02:45:18,919 | INFO | 💧 Insertando: Humedad_Patio   | 82.3%
2026-02-10 02:45:23,922 | INFO | --- ⏱️ Ciclo: 2026-02-10 01:45:23 ---
2026-02-10 02:45:23,922 | INFO | 📡 Insertando: Sensor_Patio    | Temp: 13.34°C
2026-02-10 02:45:23,923 | INFO | 📡 Insertando: Sensor_Cocina   | Temp: 12.93°C
2026-02-10 02:45:23,923 | INFO | 📡 Insertando: Sensor_Salon    | Temp: 16.79°C
2026-02-10 02:45:23,923 | INFO | 🔋 Insertando: Bateria_General | 63.0%
2026-02-10 02:45:23,923 | INFO | 💧 Insertando: Humedad_Patio   | 78.2%
2026-02-10 02:45:28,924 | INFO | --- ⏱️ Ciclo: 2026-02-10 01:45:28 ---
2026-02-10 02:45:28,924 | INFO | 📡 Insertando: Sensor_Patio    | Temp: 16.06°C
2026-02-10 02:45:28,925 | INFO | 📡 Insertando: Sensor_Cocina   | Temp: 15.71°C
2026-02-10 02:45:28,925 | INFO | 📡 Insertando: Sensor_Salon    | Temp: 19.56°C
2026-02-10 02:45:28,925 | INFO | 🔋 Insertando: Bateria_General | 62.5%
2026-02-10 02:45:28,925 | INFO | 💧 Insertando: Humedad_Patio   | 76.8%
2026-02-10 02:45:33,928 | INFO | --- ⏱️ Ciclo: 2026-02-10 01:45:33 ---
2026-02-10 02:45:33,928 | INFO | 📡 Insertando: Sensor_Patio    | Temp: 18.42°C
2026-02-10 02:45:33,929 | INFO | 📡 Insertando: Sensor_Cocina   | Temp: 13.35°C
2026-02-10 02:45:33,929 | INFO | 📡 Insertando: Sensor_Salon    | Temp: 17.17°C
2026-02-10 02:45:33,929 | INFO | 🔋 Insertando: Bateria_General | 62.0%
2026-02-10 02:45:33,929 | INFO | 💧 Insertando: Humedad_Patio   | 72.8%
2026-02-10 02:45:38,932 | INFO | --- ⏱️ Ciclo: 2026-02-10 01:45:38 ---
2026-02-10 02:45:38,932 | INFO | 📡 Insertando: Sensor_Patio    | Temp: 17.78°C
2026-02-10 02:45:38,933 | INFO | 📡 Insertando: Sensor_Cocina   | Temp: 15.26°C
2026-02-10 02:45:38,933 | INFO | 📡 Insertando: Sensor_Salon    | Temp: 19.70°C
2026-02-10 02:45:38,933 | INFO | 🔋 Insertando: Bateria_General | 61.5%
2026-02-10 02:45:38,933 | INFO | 💧 Insertando: Humedad_Patio   | 72.4%
2026-02-10 02:45:43,936 | INFO | --- ⏱️ Ciclo: 2026-02-10 01:45:43 ---
2026-02-10 02:45:43,936 | INFO | 📡 Insertando: Sensor_Patio    | Temp: 16.96°C
2026-02-10 02:45:43,936 | INFO | 📡 Insertando: Sensor_Cocina   | Temp: 18.07°C
2026-02-10 02:45:43,937 | INFO | 📡 Insertando: Sensor_Salon    | Temp: 16.96°C
2026-02-10 02:45:43,937 | INFO | 🔋 Insertando: Bateria_General | 61.0%
2026-02-10 02:45:43,937 | INFO | 💧 Insertando: Humedad_Patio   | 76.3%
2026-02-10 02:45:48,940 | INFO | --- ⏱️ Ciclo: 2026-02-10 01:45:48 ---
2026-02-10 02:45:48,940 | INFO | 📡 Insertando: Sensor_Patio    | Temp: 14.21°C
2026-02-10 02:45:48,940 | INFO | 📡 Insertando: Sensor_Cocina   | Temp: 17.39°C
2026-02-10 02:45:48,941 | INFO | 📡 Insertando: Sensor_Salon    | Temp: 14.67°C
2026-02-10 02:45:48,941 | INFO | 🔋 Insertando: Bateria_General | 60.5%
2026-02-10 02:45:48,941 | INFO | 💧 Insertando: Humedad_Patio   | 79.8%
2026-02-10 02:45:53,948 | INFO | --- ⏱️ Ciclo: 2026-02-10 01:45:53 ---
2026-02-10 02:45:53,950 | INFO | 📡 Insertando: Sensor_Patio    | Temp: 17.01°C
2026-02-10 02:45:53,950 | INFO | 📡 Insertando: Sensor_Cocina   | Temp: 19.76°C
2026-02-10 02:45:53,951 | INFO | 📡 Insertando: Sensor_Salon    | Temp: 16.86°C
2026-02-10 02:45:53,951 | INFO | 🔋 Insertando: Bateria_General | 60.0%
2026-02-10 02:45:53,951 | INFO | 💧 Insertando: Humedad_Patio   | 73.2%
2026-02-10 02:45:58,952 | INFO | --- ⏱️ Ciclo: 2026-02-10 01:45:58 ---
2026-02-10 02:45:58,952 | INFO | 📡 Insertando: Sensor_Patio    | Temp: 15.20°C
2026-02-10 02:45:58,952 | INFO | 📡 Insertando: Sensor_Cocina   | Temp: 17.72°C
2026-02-10 02:45:58,952 | INFO | 📡 Insertando: Sensor_Salon    | Temp: 13.95°C
2026-02-10 02:45:58,952 | INFO | 🔋 Insertando: Bateria_General | 59.5%
2026-02-10 02:45:58,953 | INFO | 💧 Insertando: Humedad_Patio   | 78.3%
2026-02-10 02:46:03,955 | INFO | --- ⏱️ Ciclo: 2026-02-10 01:46:03 ---
2026-02-10 02:46:03,955 | INFO | 📡 Insertando: Sensor_Patio    | Temp: 12.58°C
2026-02-10 02:46:03,956 | INFO | 📡 Insertando: Sensor_Cocina   | Temp: 15.81°C
2026-02-10 02:46:03,956 | INFO | 📡 Insertando: Sensor_Salon    | Temp: 16.67°C
2026-02-10 02:46:03,956 | INFO | 🔋 Insertando: Bateria_General | 59.0%
2026-02-10 02:46:03,956 | INFO | 💧 Insertando: Humedad_Patio   | 80.0%
2026-02-10 02:46:08,960 | INFO | --- ⏱️ Ciclo: 2026-02-10 01:46:08 ---
2026-02-10 02:46:08,960 | INFO | 📡 Insertando: Sensor_Patio    | Temp: 15.13°C
2026-02-10 02:46:08,960 | INFO | 📡 Insertando: Sensor_Cocina   | Temp: 17.74°C
2026-02-10 02:46:08,960 | INFO | 📡 Insertando: Sensor_Salon    | Temp: 14.05°C
2026-02-10 02:46:08,960 | INFO | 🔋 Insertando: Bateria_General | 58.5%
2026-02-10 02:46:08,960 | INFO | 💧 Insertando: Humedad_Patio   | 79.2%
2026-02-10 02:46:13,968 | INFO | --- ⏱️ Ciclo: 2026-02-10 01:46:13 ---
2026-02-10 02:46:13,968 | INFO | 📡 Insertando: Sensor_Patio    | Temp: 17.69°C
2026-02-10 02:46:13,968 | INFO | 📡 Insertando: Sensor_Cocina   | Temp: 14.86°C
2026-02-10 02:46:13,968 | INFO | 📡 Insertando: Sensor_Salon    | Temp: 16.54°C
2026-02-10 02:46:13,968 | INFO | 🔋 Insertando: Bateria_General | 58.0%
2026-02-10 02:46:13,968 | INFO | 💧 Insertando: Humedad_Patio   | 74.9%
2026-02-10 02:46:18,972 | INFO | --- ⏱️ Ciclo: 2026-02-10 01:46:18 ---
2026-02-10 02:46:18,972 | INFO | 📡 Insertando: Sensor_Patio    | Temp: 15.13°C
2026-02-10 02:46:18,972 | INFO | 📡 Insertando: Sensor_Cocina   | Temp: 16.53°C
2026-02-10 02:46:18,972 | INFO | 📡 Insertando: Sensor_Salon    | Temp: 19.75°C
2026-02-10 02:46:18,972 | INFO | 🔋 Insertando: Bateria_General | 57.5%
2026-02-10 02:46:18,972 | INFO | 💧 Insertando: Humedad_Patio   | 78.7%
2026-02-10 02:46:23,975 | INFO | --- ⏱️ Ciclo: 2026-02-10 01:46:23 ---
2026-02-10 02:46:23,977 | INFO | 📡 Insertando: Sensor_Patio    | Temp: 17.61°C
2026-02-10 02:46:23,977 | INFO | 📡 Insertando: Sensor_Cocina   | Temp: 17.95°C
2026-02-10 02:46:23,977 | INFO | 📡 Insertando: Sensor_Salon    | Temp: 17.80°C
2026-02-10 02:46:23,977 | INFO | 🔋 Insertando: Bateria_General | 57.0%
2026-02-10 02:46:23,977 | INFO | 💧 Insertando: Humedad_Patio   | 75.1%
2026-02-10 02:46:28,979 | INFO | --- ⏱️ Ciclo: 2026-02-10 01:46:28 ---
2026-02-10 02:46:28,979 | INFO | 📡 Insertando: Sensor_Patio    | Temp: 15.18°C
2026-02-10 02:46:28,979 | INFO | 📡 Insertando: Sensor_Cocina   | Temp: 19.84°C
2026-02-10 02:46:28,979 | INFO | 📡 Insertando: Sensor_Salon    | Temp: 14.84°C
2026-02-10 02:46:28,979 | INFO | 🔋 Insertando: Bateria_General | 56.5%
2026-02-10 02:46:28,979 | INFO | 💧 Insertando: Humedad_Patio   | 76.4%
2026-02-10 02:46:33,981 | INFO | --- ⏱️ Ciclo: 2026-02-10 01:46:33 ---
2026-02-10 02:46:33,982 | INFO | 📡 Insertando: Sensor_Patio    | Temp: 17.60°C
2026-02-10 02:46:33,982 | INFO | 📡 Insertando: Sensor_Cocina   | Temp: 17.78°C
2026-02-10 02:46:33,982 | INFO | 📡 Insertando: Sensor_Salon    | Temp: 18.71°C
2026-02-10 02:46:33,982 | INFO | 🔋 Insertando: Bateria_General | 56.0%
2026-02-10 02:46:33,982 | INFO | 💧 Insertando: Humedad_Patio   | 74.4%
2026-02-10 02:46:38,983 | INFO | --- ⏱️ Ciclo: 2026-02-10 01:46:38 ---
2026-02-10 02:46:38,983 | INFO | 📡 Insertando: Sensor_Patio    | Temp: 19.41°C
2026-02-10 02:46:38,983 | INFO | 📡 Insertando: Sensor_Cocina   | Temp: 17.33°C
2026-02-10 02:46:38,983 | INFO | 📡 Insertando: Sensor_Salon    | Temp: 16.31°C
2026-02-10 02:46:38,983 | INFO | 🔋 Insertando: Bateria_General | 55.5%
2026-02-10 02:46:38,983 | INFO | 💧 Insertando: Humedad_Patio   | 70.5%
2026-02-10 02:46:43,987 | INFO | --- ⏱️ Ciclo: 2026-02-10 01:46:43 ---
2026-02-10 02:46:43,988 | INFO | 📡 Insertando: Sensor_Patio    | Temp: 17.19°C
2026-02-10 02:46:43,989 | INFO | 📡 Insertando: Sensor_Cocina   | Temp: 16.79°C
2026-02-10 02:46:43,989 | INFO | 📡 Insertando: Sensor_Salon    | Temp: 14.54°C
2026-02-10 02:46:43,989 | INFO | 🔋 Insertando: Bateria_General | 55.0%
2026-02-10 02:46:43,989 | INFO | 💧 Insertando: Humedad_Patio   | 74.7%
2026-02-10 02:46:48,990 | INFO | --- ⏱️ Ciclo: 2026-02-10 01:46:48 ---
2026-02-10 02:46:48,990 | INFO | 📡 Insertando: Sensor_Patio    | Temp: 19.61°C
2026-02-10 02:46:48,990 | INFO | 📡 Insertando: Sensor_Cocina   | Temp: 14.12°C
2026-02-10 02:46:48,990 | INFO | 📡 Insertando: Sensor_Salon    | Temp: 16.79°C
2026-02-10 02:46:48,990 | INFO | 🔋 Insertando: Bateria_General | 54.5%
2026-02-10 02:46:48,990 | INFO | 💧 Insertando: Humedad_Patio   | 69.0%
2026-02-10 02:46:53,992 | INFO | --- ⏱️ Ciclo: 2026-02-10 01:46:53 ---
2026-02-10 02:46:53,998 | INFO | 📡 Insertando: Sensor_Patio    | Temp: 17.30°C
2026-02-10 02:46:53,999 | INFO | 📡 Insertando: Sensor_Cocina   | Temp: 16.28°C
2026-02-10 02:46:53,999 | INFO | 📡 Insertando: Sensor_Salon    | Temp: 13.77°C
2026-02-10 02:46:53,999 | INFO | 🔋 Insertando: Bateria_General | 54.0%
2026-02-10 02:46:53,999 | INFO | 💧 Insertando: Humedad_Patio   | 72.9%
2026-02-10 02:46:59,000 | INFO | --- ⏱️ Ciclo: 2026-02-10 01:46:59 ---
2026-02-10 02:46:59,000 | INFO | 📡 Insertando: Sensor_Patio    | Temp: 15.08°C
2026-02-10 02:46:59,001 | INFO | 📡 Insertando: Sensor_Cocina   | Temp: 13.82°C
2026-02-10 02:46:59,001 | INFO | 📡 Insertando: Sensor_Salon    | Temp: 10.71°C
2026-02-10 02:46:59,001 | INFO | 🔋 Insertando: Bateria_General | 53.5%
2026-02-10 02:46:59,001 | INFO | 💧 Insertando: Humedad_Patio   | 75.7%
2026-02-10 02:47:04,004 | INFO | --- ⏱️ Ciclo: 2026-02-10 01:47:04 ---
2026-02-10 02:47:04,005 | INFO | 📡 Insertando: Sensor_Patio    | Temp: 17.77°C
2026-02-10 02:47:04,006 | INFO | 📡 Insertando: Sensor_Cocina   | Temp: 11.04°C
2026-02-10 02:47:04,006 | INFO | 📡 Insertando: Sensor_Salon    | Temp: 12.78°C
2026-02-10 02:47:04,006 | INFO | 🔋 Insertando: Bateria_General | 53.0%
2026-02-10 02:47:04,006 | INFO | 💧 Insertando: Humedad_Patio   | 71.4%
2026-02-10 02:47:09,007 | INFO | --- ⏱️ Ciclo: 2026-02-10 01:47:09 ---
2026-02-10 02:47:09,007 | INFO | 📡 Insertando: Sensor_Patio    | Temp: 14.35°C
2026-02-10 02:47:09,007 | INFO | 📡 Insertando: Sensor_Cocina   | Temp: 11.68°C
2026-02-10 02:47:09,007 | INFO | 📡 Insertando: Sensor_Salon    | Temp: 15.24°C
2026-02-10 02:47:09,007 | INFO | 🔋 Insertando: Bateria_General | 52.5%
2026-02-10 02:47:09,007 | INFO | 💧 Insertando: Humedad_Patio   | 78.7%
2026-02-10 02:47:14,015 | INFO | --- ⏱️ Ciclo: 2026-02-10 01:47:14 ---
2026-02-10 02:47:14,015 | INFO | 📡 Insertando: Sensor_Patio    | Temp: 12.47°C
2026-02-10 02:47:14,015 | INFO | 📡 Insertando: Sensor_Cocina   | Temp: 11.89°C
2026-02-10 02:47:14,015 | INFO | 📡 Insertando: Sensor_Salon    | Temp: 16.97°C
2026-02-10 02:47:14,015 | INFO | 🔋 Insertando: Bateria_General | 52.0%
2026-02-10 02:47:14,015 | INFO | 💧 Insertando: Humedad_Patio   | 82.8%
2026-02-10 02:47:19,018 | INFO | --- ⏱️ Ciclo: 2026-02-10 01:47:19 ---
2026-02-10 02:47:19,018 | INFO | 📡 Insertando: Sensor_Patio    | Temp: 15.53°C
2026-02-10 02:47:19,019 | INFO | 📡 Insertando: Sensor_Cocina   | Temp: 11.97°C
2026-02-10 02:47:19,019 | INFO | 📡 Insertando: Sensor_Salon    | Temp: 14.43°C
2026-02-10 02:47:19,019 | INFO | 🔋 Insertando: Bateria_General | 51.5%
2026-02-10 02:47:19,019 | INFO | 💧 Insertando: Humedad_Patio   | 78.5%
2026-02-10 02:47:24,022 | INFO | --- ⏱️ Ciclo: 2026-02-10 01:47:24 ---
2026-02-10 02:47:24,022 | INFO | 📡 Insertando: Sensor_Patio    | Temp: 12.82°C
2026-02-10 02:47:24,022 | INFO | 📡 Insertando: Sensor_Cocina   | Temp: 14.05°C
2026-02-10 02:47:24,022 | INFO | 📡 Insertando: Sensor_Salon    | Temp: 11.70°C
2026-02-10 02:47:24,022 | INFO | 🔋 Insertando: Bateria_General | 51.0%
2026-02-10 02:47:24,022 | INFO | 💧 Insertando: Humedad_Patio   | 82.5%
2026-02-10 02:47:29,026 | INFO | --- ⏱️ Ciclo: 2026-02-10 01:47:29 ---
2026-02-10 02:47:29,026 | INFO | 📡 Insertando: Sensor_Patio    | Temp: 14.96°C
2026-02-10 02:47:29,026 | INFO | 📡 Insertando: Sensor_Cocina   | Temp: 11.73°C
2026-02-10 02:47:29,026 | INFO | 📡 Insertando: Sensor_Salon    | Temp: 12.39°C
2026-02-10 02:47:29,026 | INFO | 🔋 Insertando: Bateria_General | 50.5%
2026-02-10 02:47:29,026 | INFO | 💧 Insertando: Humedad_Patio   | 77.7%
2026-02-10 02:47:34,029 | INFO | --- ⏱️ Ciclo: 2026-02-10 01:47:34 ---
2026-02-10 02:47:34,030 | INFO | 📡 Insertando: Sensor_Patio    | Temp: 12.60°C
2026-02-10 02:47:34,030 | INFO | 📡 Insertando: Sensor_Cocina   | Temp: 14.14°C
2026-02-10 02:47:34,030 | INFO | 📡 Insertando: Sensor_Salon    | Temp: 14.81°C
2026-02-10 02:47:34,030 | INFO | 🔋 Insertando: Bateria_General | 50.0%
2026-02-10 02:47:34,030 | INFO | 💧 Insertando: Humedad_Patio   | 81.1%
2026-02-10 02:47:39,032 | INFO | --- ⏱️ Ciclo: 2026-02-10 01:47:39 ---
2026-02-10 02:47:39,032 | INFO | 📡 Insertando: Sensor_Patio    | Temp: 15.95°C
2026-02-10 02:47:39,033 | INFO | 📡 Insertando: Sensor_Cocina   | Temp: 10.91°C
2026-02-10 02:47:39,033 | INFO | 📡 Insertando: Sensor_Salon    | Temp: 12.60°C
2026-02-10 02:47:39,033 | INFO | 🔋 Insertando: Bateria_General | 49.5%
2026-02-10 02:47:39,033 | INFO | 💧 Insertando: Humedad_Patio   | 76.2%
2026-02-10 02:47:44,036 | INFO | --- ⏱️ Ciclo: 2026-02-10 01:47:44 ---
2026-02-10 02:47:44,036 | INFO | 📡 Insertando: Sensor_Patio    | Temp: 18.20°C
2026-02-10 02:47:44,036 | INFO | 📡 Insertando: Sensor_Cocina   | Temp: 13.77°C
2026-02-10 02:47:44,036 | INFO | 📡 Insertando: Sensor_Salon    | Temp: 15.00°C
2026-02-10 02:47:44,036 | INFO | 🔋 Insertando: Bateria_General | 49.0%
2026-02-10 02:47:44,036 | INFO | 💧 Insertando: Humedad_Patio   | 73.5%
2026-02-10 02:47:49,039 | INFO | --- ⏱️ Ciclo: 2026-02-10 01:47:49 ---
2026-02-10 02:47:49,039 | INFO | 📡 Insertando: Sensor_Patio    | Temp: 16.03°C
2026-02-10 02:47:49,039 | INFO | 📡 Insertando: Sensor_Cocina   | Temp: 11.09°C
2026-02-10 02:47:49,039 | INFO | 📡 Insertando: Sensor_Salon    | Temp: 18.06°C
2026-02-10 02:47:49,039 | INFO | 🔋 Insertando: Bateria_General | 48.5%
2026-02-10 02:47:49,040 | INFO | 💧 Insertando: Humedad_Patio   | 74.9%
2026-02-10 02:47:54,043 | INFO | --- ⏱️ Ciclo: 2026-02-10 01:47:54 ---
2026-02-10 02:47:54,045 | INFO | 📡 Insertando: Sensor_Patio    | Temp: 18.64°C
2026-02-10 02:47:54,045 | INFO | 📡 Insertando: Sensor_Cocina   | Temp: 12.50°C
2026-02-10 02:47:54,045 | INFO | 📡 Insertando: Sensor_Salon    | Temp: 17.74°C
2026-02-10 02:47:54,045 | INFO | 🔋 Insertando: Bateria_General | 48.0%
2026-02-10 02:47:54,045 | INFO | 💧 Insertando: Humedad_Patio   | 71.3%
2026-02-10 02:47:59,047 | INFO | --- ⏱️ Ciclo: 2026-02-10 01:47:59 ---
2026-02-10 02:47:59,047 | INFO | 📡 Insertando: Sensor_Patio    | Temp: 16.38°C
2026-02-10 02:47:59,047 | INFO | 📡 Insertando: Sensor_Cocina   | Temp: 14.90°C
2026-02-10 02:47:59,047 | INFO | 📡 Insertando: Sensor_Salon    | Temp: 17.28°C
2026-02-10 02:47:59,047 | INFO | 🔋 Insertando: Bateria_General | 47.5%
2026-02-10 02:47:59,047 | INFO | 💧 Insertando: Humedad_Patio   | 74.2%
2026-02-10 02:48:04,050 | INFO | --- ⏱️ Ciclo: 2026-02-10 01:48:04 ---
2026-02-10 02:48:04,050 | INFO | 📡 Insertando: Sensor_Patio    | Temp: 17.86°C
2026-02-10 02:48:04,051 | INFO | 📡 Insertando: Sensor_Cocina   | Temp: 12.57°C
2026-02-10 02:48:04,051 | INFO | 📡 Insertando: Sensor_Salon    | Temp: 14.96°C
2026-02-10 02:48:04,051 | INFO | 🔋 Insertando: Bateria_General | 47.0%
2026-02-10 02:48:04,051 | INFO | 💧 Insertando: Humedad_Patio   | 72.2%
2026-02-10 02:48:09,054 | INFO | --- ⏱️ Ciclo: 2026-02-10 01:48:09 ---
2026-02-10 02:48:09,054 | INFO | 📡 Insertando: Sensor_Patio    | Temp: 14.58°C
2026-02-10 02:48:09,054 | INFO | 📡 Insertando: Sensor_Cocina   | Temp: 10.45°C
2026-02-10 02:48:09,054 | INFO | 📡 Insertando: Sensor_Salon    | Temp: 17.72°C
2026-02-10 02:48:09,054 | INFO | 🔋 Insertando: Bateria_General | 46.5%
2026-02-10 02:48:09,054 | INFO | 💧 Insertando: Humedad_Patio   | 76.9%
2026-02-10 02:48:14,057 | INFO | --- ⏱️ Ciclo: 2026-02-10 01:48:14 ---
2026-02-10 02:48:14,057 | INFO | 📡 Insertando: Sensor_Patio    | Temp: 17.45°C
2026-02-10 02:48:14,057 | INFO | 📡 Insertando: Sensor_Cocina   | Temp: 12.62°C
2026-02-10 02:48:14,057 | INFO | 📡 Insertando: Sensor_Salon    | Temp: 15.06°C
2026-02-10 02:48:14,058 | INFO | 🔋 Insertando: Bateria_General | 46.0%
2026-02-10 02:48:14,058 | INFO | 💧 Insertando: Humedad_Patio   | 75.5%
2026-02-10 02:48:19,076 | INFO | --- ⏱️ Ciclo: 2026-02-10 01:48:19 ---
2026-02-10 02:48:19,077 | INFO | 📡 Insertando: Sensor_Patio    | Temp: 14.64°C
2026-02-10 02:48:19,077 | INFO | 📡 Insertando: Sensor_Cocina   | Temp: 12.96°C
2026-02-10 02:48:19,077 | INFO | 📡 Insertando: Sensor_Salon    | Temp: 16.99°C
2026-02-10 02:48:19,077 | INFO | 🔋 Insertando: Bateria_General | 45.5%
2026-02-10 02:48:19,077 | INFO | 💧 Insertando: Humedad_Patio   | 77.5%
2026-02-10 02:48:24,080 | INFO | --- ⏱️ Ciclo: 2026-02-10 01:48:24 ---
2026-02-10 02:48:24,080 | INFO | 📡 Insertando: Sensor_Patio    | Temp: 10.77°C
2026-02-10 02:48:24,081 | INFO | 📡 Insertando: Sensor_Cocina   | Temp: 15.81°C
2026-02-10 02:48:24,081 | INFO | 📡 Insertando: Sensor_Salon    | Temp: 14.75°C
2026-02-10 02:48:24,081 | INFO | 🔋 Insertando: Bateria_General | 45.0%
2026-02-10 02:48:24,081 | INFO | 💧 Insertando: Humedad_Patio   | 84.0%
2026-02-10 02:48:29,084 | INFO | --- ⏱️ Ciclo: 2026-02-10 01:48:29 ---
2026-02-10 02:48:29,084 | INFO | 📡 Insertando: Sensor_Patio    | Temp: 13.18°C
2026-02-10 02:48:29,085 | INFO | 📡 Insertando: Sensor_Cocina   | Temp: 18.63°C
2026-02-10 02:48:29,085 | INFO | 📡 Insertando: Sensor_Salon    | Temp: 16.26°C
2026-02-10 02:48:29,085 | INFO | 🔋 Insertando: Bateria_General | 44.5%
2026-02-10 02:48:29,085 | INFO | 💧 Insertando: Humedad_Patio   | 78.6%
2026-02-10 02:48:34,088 | INFO | --- ⏱️ Ciclo: 2026-02-10 01:48:34 ---
2026-02-10 02:48:34,089 | INFO | 📡 Insertando: Sensor_Patio    | Temp: 16.00°C
2026-02-10 02:48:34,089 | INFO | 📡 Insertando: Sensor_Cocina   | Temp: 16.78°C
2026-02-10 02:48:34,089 | INFO | 📡 Insertando: Sensor_Salon    | Temp: 14.25°C
2026-02-10 02:48:34,089 | INFO | 🔋 Insertando: Bateria_General | 44.0%
2026-02-10 02:48:34,089 | INFO | 💧 Insertando: Humedad_Patio   | 76.5%
2026-02-10 02:48:39,091 | INFO | --- ⏱️ Ciclo: 2026-02-10 01:48:39 ---
2026-02-10 02:48:39,091 | INFO | 📡 Insertando: Sensor_Patio    | Temp: 13.26°C
2026-02-10 02:48:39,091 | INFO | 📡 Insertando: Sensor_Cocina   | Temp: 13.54°C
2026-02-10 02:48:39,091 | INFO | 📡 Insertando: Sensor_Salon    | Temp: 16.19°C
2026-02-10 02:48:39,091 | INFO | 🔋 Insertando: Bateria_General | 43.5%
2026-02-10 02:48:39,091 | INFO | 💧 Insertando: Humedad_Patio   | 80.7%
2026-02-10 02:48:44,095 | INFO | --- ⏱️ Ciclo: 2026-02-10 01:48:44 ---
2026-02-10 02:48:44,095 | INFO | 📡 Insertando: Sensor_Patio    | Temp: 11.57°C
2026-02-10 02:48:44,095 | INFO | 📡 Insertando: Sensor_Cocina   | Temp: 11.11°C
2026-02-10 02:48:44,096 | INFO | 📡 Insertando: Sensor_Salon    | Temp: 14.08°C
2026-02-10 02:48:44,096 | INFO | 🔋 Insertando: Bateria_General | 43.0%
2026-02-10 02:48:44,096 | INFO | 💧 Insertando: Humedad_Patio   | 83.3%
2026-02-10 02:48:49,099 | INFO | --- ⏱️ Ciclo: 2026-02-10 01:48:49 ---
2026-02-10 02:48:49,099 | INFO | 📡 Insertando: Sensor_Patio    | Temp: 11.81°C
2026-02-10 02:48:49,100 | INFO | 📡 Insertando: Sensor_Cocina   | Temp: 12.81°C
2026-02-10 02:48:49,100 | INFO | 📡 Insertando: Sensor_Salon    | Temp: 16.53°C
2026-02-10 02:48:49,100 | INFO | 🔋 Insertando: Bateria_General | 42.5%
2026-02-10 02:48:49,100 | INFO | 💧 Insertando: Humedad_Patio   | 82.8%
2026-02-10 02:48:54,103 | INFO | --- ⏱️ Ciclo: 2026-02-10 01:48:54 ---
2026-02-10 02:48:54,104 | INFO | 📡 Insertando: Sensor_Patio    | Temp: 13.85°C
2026-02-10 02:48:54,104 | INFO | 📡 Insertando: Sensor_Cocina   | Temp: 15.69°C
2026-02-10 02:48:54,104 | INFO | 📡 Insertando: Sensor_Salon    | Temp: 19.06°C
2026-02-10 02:48:54,104 | INFO | 🔋 Insertando: Bateria_General | 42.0%
2026-02-10 02:48:54,105 | INFO | 💧 Insertando: Humedad_Patio   | 80.2%
2026-02-10 02:48:59,112 | INFO | --- ⏱️ Ciclo: 2026-02-10 01:48:59 ---
2026-02-10 02:48:59,113 | INFO | 📡 Insertando: Sensor_Patio    | Temp: 10.99°C
2026-02-10 02:48:59,114 | INFO | 📡 Insertando: Sensor_Cocina   | Temp: 13.36°C
2026-02-10 02:48:59,114 | INFO | 📡 Insertando: Sensor_Salon    | Temp: 17.01°C
2026-02-10 02:48:59,114 | INFO | 🔋 Insertando: Bateria_General | 41.5%
2026-02-10 02:48:59,114 | INFO | 💧 Insertando: Humedad_Patio   | 83.9%
2026-02-10 02:49:04,118 | INFO | --- ⏱️ Ciclo: 2026-02-10 01:49:04 ---
2026-02-10 02:49:04,118 | INFO | 📡 Insertando: Sensor_Patio    | Temp: 13.25°C
2026-02-10 02:49:04,119 | INFO | 📡 Insertando: Sensor_Cocina   | Temp: 11.16°C
2026-02-10 02:49:04,119 | INFO | 📡 Insertando: Sensor_Salon    | Temp: 14.43°C
2026-02-10 02:49:04,119 | INFO | 🔋 Insertando: Bateria_General | 41.0%
2026-02-10 02:49:04,119 | INFO | 💧 Insertando: Humedad_Patio   | 80.1%
2026-02-10 02:49:09,123 | INFO | --- ⏱️ Ciclo: 2026-02-10 01:49:09 ---
2026-02-10 02:49:09,123 | INFO | 📡 Insertando: Sensor_Patio    | Temp: 15.57°C
2026-02-10 02:49:09,124 | INFO | 📡 Insertando: Sensor_Cocina   | Temp: 11.98°C
2026-02-10 02:49:09,124 | INFO | 📡 Insertando: Sensor_Salon    | Temp: 12.29°C
2026-02-10 02:49:09,124 | INFO | 🔋 Insertando: Bateria_General | 40.5%
2026-02-10 02:49:09,125 | INFO | 💧 Insertando: Humedad_Patio   | 75.3%
2026-02-10 02:49:14,128 | INFO | --- ⏱️ Ciclo: 2026-02-10 01:49:14 ---
2026-02-10 02:49:14,128 | INFO | 📡 Insertando: Sensor_Patio    | Temp: 13.03°C
2026-02-10 02:49:14,129 | INFO | 📡 Insertando: Sensor_Cocina   | Temp: 12.34°C
2026-02-10 02:49:14,129 | INFO | 📡 Insertando: Sensor_Salon    | Temp: 14.28°C
2026-02-10 02:49:14,129 | INFO | 🔋 Insertando: Bateria_General | 40.0%
2026-02-10 02:49:14,129 | INFO | 💧 Insertando: Humedad_Patio   | 81.9%
2026-02-10 02:49:19,132 | INFO | --- ⏱️ Ciclo: 2026-02-10 01:49:19 ---
2026-02-10 02:49:19,132 | INFO | 📡 Insertando: Sensor_Patio    | Temp: 10.46°C
2026-02-10 02:49:19,133 | INFO | 📡 Insertando: Sensor_Cocina   | Temp: 10.64°C
2026-02-10 02:49:19,133 | INFO | 📡 Insertando: Sensor_Salon    | Temp: 11.55°C
2026-02-10 02:49:19,133 | INFO | 🔋 Insertando: Bateria_General | 39.5%
2026-02-10 02:49:19,133 | INFO | 💧 Insertando: Humedad_Patio   | 83.0%
2026-02-10 02:49:24,140 | INFO | --- ⏱️ Ciclo: 2026-02-10 01:49:24 ---
2026-02-10 02:49:24,140 | INFO | 📡 Insertando: Sensor_Patio    | Temp: 13.40°C
2026-02-10 02:49:24,140 | INFO | 📡 Insertando: Sensor_Cocina   | Temp: 12.91°C
2026-02-10 02:49:24,140 | INFO | 📡 Insertando: Sensor_Salon    | Temp: 13.36°C
2026-02-10 02:49:24,141 | INFO | 🔋 Insertando: Bateria_General | 39.0%
2026-02-10 02:49:24,141 | INFO | 💧 Insertando: Humedad_Patio   | 78.8%
2026-02-10 02:49:29,148 | INFO | --- ⏱️ Ciclo: 2026-02-10 01:49:29 ---
2026-02-10 02:49:29,148 | INFO | 📡 Insertando: Sensor_Patio    | Temp: 11.34°C
2026-02-10 02:49:29,149 | INFO | 📡 Insertando: Sensor_Cocina   | Temp: 10.82°C
2026-02-10 02:49:29,149 | INFO | 📡 Insertando: Sensor_Salon    | Temp: 11.66°C
2026-02-10 02:49:29,149 | INFO | 🔋 Insertando: Bateria_General | 38.5%
2026-02-10 02:49:29,149 | INFO | 💧 Insertando: Humedad_Patio   | 81.6%
2026-02-10 02:49:34,153 | INFO | --- ⏱️ Ciclo: 2026-02-10 01:49:34 ---
2026-02-10 02:49:34,153 | INFO | 📡 Insertando: Sensor_Patio    | Temp: 11.97°C
2026-02-10 02:49:34,154 | INFO | 📡 Insertando: Sensor_Cocina   | Temp: 12.70°C
2026-02-10 02:49:34,154 | INFO | 📡 Insertando: Sensor_Salon    | Temp: 14.00°C
2026-02-10 02:49:34,154 | INFO | 🔋 Insertando: Bateria_General | 38.0%
2026-02-10 02:49:34,154 | INFO | 💧 Insertando: Humedad_Patio   | 82.7%
2026-02-10 02:49:39,158 | INFO | --- ⏱️ Ciclo: 2026-02-10 01:49:39 ---
2026-02-10 02:49:39,158 | INFO | 📡 Insertando: Sensor_Patio    | Temp: 12.64°C
2026-02-10 02:49:39,158 | INFO | 📡 Insertando: Sensor_Cocina   | Temp: 10.42°C
2026-02-10 02:49:39,159 | INFO | 📡 Insertando: Sensor_Salon    | Temp: 16.58°C
2026-02-10 02:49:39,159 | INFO | 🔋 Insertando: Bateria_General | 37.5%
2026-02-10 02:49:39,159 | INFO | 💧 Insertando: Humedad_Patio   | 81.0%
2026-02-10 02:49:44,162 | INFO | --- ⏱️ Ciclo: 2026-02-10 01:49:44 ---
2026-02-10 02:49:44,162 | INFO | 📡 Insertando: Sensor_Patio    | Temp: 15.77°C
2026-02-10 02:49:44,163 | INFO | 📡 Insertando: Sensor_Cocina   | Temp: 11.98°C
2026-02-10 02:49:44,163 | INFO | 📡 Insertando: Sensor_Salon    | Temp: 18.17°C
2026-02-10 02:49:44,163 | INFO | 🔋 Insertando: Bateria_General | 37.0%
2026-02-10 02:49:44,163 | INFO | 💧 Insertando: Humedad_Patio   | 78.1%
2026-02-10 02:49:49,167 | INFO | --- ⏱️ Ciclo: 2026-02-10 01:49:49 ---
2026-02-10 02:49:49,167 | INFO | 📡 Insertando: Sensor_Patio    | Temp: 13.97°C
2026-02-10 02:49:49,168 | INFO | 📡 Insertando: Sensor_Cocina   | Temp: 14.23°C
2026-02-10 02:49:49,169 | INFO | 📡 Insertando: Sensor_Salon    | Temp: 16.27°C
2026-02-10 02:49:49,169 | INFO | 🔋 Insertando: Bateria_General | 36.5%
2026-02-10 02:49:49,169 | INFO | 💧 Insertando: Humedad_Patio   | 78.5%
2026-02-10 02:49:54,174 | INFO | --- ⏱️ Ciclo: 2026-02-10 01:49:54 ---
2026-02-10 02:49:54,174 | INFO | 📡 Insertando: Sensor_Patio    | Temp: 17.20°C
2026-02-10 02:49:54,174 | INFO | 📡 Insertando: Sensor_Cocina   | Temp: 11.73°C
2026-02-10 02:49:54,175 | INFO | 📡 Insertando: Sensor_Salon    | Temp: 19.50°C
2026-02-10 02:49:54,175 | INFO | 🔋 Insertando: Bateria_General | 36.0%
2026-02-10 02:49:54,175 | INFO | 💧 Insertando: Humedad_Patio   | 76.1%
2026-02-10 02:49:59,183 | INFO | --- ⏱️ Ciclo: 2026-02-10 01:49:59 ---
2026-02-10 02:49:59,183 | INFO | 📡 Insertando: Sensor_Patio    | Temp: 15.23°C
2026-02-10 02:49:59,183 | INFO | 📡 Insertando: Sensor_Cocina   | Temp: 14.10°C
2026-02-10 02:49:59,183 | INFO | 📡 Insertando: Sensor_Salon    | Temp: 16.91°C
2026-02-10 02:49:59,183 | INFO | 🔋 Insertando: Bateria_General | 35.5%
2026-02-10 02:49:59,183 | INFO | 💧 Insertando: Humedad_Patio   | 79.1%
2026-02-10 02:50:04,185 | INFO | --- ⏱️ Ciclo: 2026-02-10 01:50:04 ---
2026-02-10 02:50:04,185 | INFO | 📡 Insertando: Sensor_Patio    | Temp: 12.41°C
2026-02-10 02:50:04,185 | INFO | 📡 Insertando: Sensor_Cocina   | Temp: 11.71°C
2026-02-10 02:50:04,185 | INFO | 📡 Insertando: Sensor_Salon    | Temp: 14.35°C
2026-02-10 02:50:04,185 | INFO | 🔋 Insertando: Bateria_General | 35.0%
2026-02-10 02:50:04,185 | INFO | 💧 Insertando: Humedad_Patio   | 81.1%
2026-02-10 02:50:09,193 | INFO | --- ⏱️ Ciclo: 2026-02-10 01:50:09 ---
2026-02-10 02:50:09,193 | INFO | 📡 Insertando: Sensor_Patio    | Temp: 12.51°C
2026-02-10 02:50:09,194 | INFO | 📡 Insertando: Sensor_Cocina   | Temp: 12.87°C
2026-02-10 02:50:09,195 | INFO | 📡 Insertando: Sensor_Salon    | Temp: 11.64°C
2026-02-10 02:50:09,195 | INFO | 🔋 Insertando: Bateria_General | 34.5%
2026-02-10 02:50:09,195 | INFO | 💧 Insertando: Humedad_Patio   | 82.3%
2026-02-10 02:50:14,203 | INFO | --- ⏱️ Ciclo: 2026-02-10 01:50:14 ---
2026-02-10 02:50:14,209 | INFO | 📡 Insertando: Sensor_Patio    | Temp: 12.90°C
2026-02-10 02:50:14,210 | INFO | 📡 Insertando: Sensor_Cocina   | Temp: 15.78°C
2026-02-10 02:50:14,210 | INFO | 📡 Insertando: Sensor_Salon    | Temp: 11.74°C
2026-02-10 02:50:14,210 | INFO | 🔋 Insertando: Bateria_General | 34.0%
2026-02-10 02:50:14,210 | INFO | 💧 Insertando: Humedad_Patio   | 81.1%
2026-02-10 02:50:19,211 | INFO | --- ⏱️ Ciclo: 2026-02-10 01:50:19 ---
2026-02-10 02:50:19,212 | INFO | 📡 Insertando: Sensor_Patio    | Temp: 11.32°C
2026-02-10 02:50:19,212 | INFO | 📡 Insertando: Sensor_Cocina   | Temp: 17.81°C
2026-02-10 02:50:19,212 | INFO | 📡 Insertando: Sensor_Salon    | Temp: 14.49°C
2026-02-10 02:50:19,213 | INFO | 🔋 Insertando: Bateria_General | 33.5%
2026-02-10 02:50:19,213 | INFO | 💧 Insertando: Humedad_Patio   | 81.6%
2026-02-10 02:50:24,221 | INFO | --- ⏱️ Ciclo: 2026-02-10 01:50:24 ---
2026-02-10 02:50:24,227 | INFO | 📡 Insertando: Sensor_Patio    | Temp: 12.71°C
2026-02-10 02:50:24,227 | INFO | 📡 Insertando: Sensor_Cocina   | Temp: 16.73°C
2026-02-10 02:50:24,227 | INFO | 📡 Insertando: Sensor_Salon    | Temp: 16.68°C
2026-02-10 02:50:24,227 | INFO | 🔋 Insertando: Bateria_General | 33.0%
2026-02-10 02:50:24,227 | INFO | 💧 Insertando: Humedad_Patio   | 81.6%
2026-02-10 02:50:29,229 | INFO | --- ⏱️ Ciclo: 2026-02-10 01:50:29 ---
2026-02-10 02:50:29,229 | INFO | 📡 Insertando: Sensor_Patio    | Temp: 10.18°C
2026-02-10 02:50:29,229 | INFO | 📡 Insertando: Sensor_Cocina   | Temp: 14.06°C
2026-02-10 02:50:29,229 | INFO | 📡 Insertando: Sensor_Salon    | Temp: 19.75°C
2026-02-10 02:50:29,230 | INFO | 🔋 Insertando: Bateria_General | 32.5%
2026-02-10 02:50:29,230 | INFO | 💧 Insertando: Humedad_Patio   | 86.6%
2026-02-10 02:50:34,234 | INFO | --- ⏱️ Ciclo: 2026-02-10 01:50:34 ---
2026-02-10 02:50:34,234 | INFO | 📡 Insertando: Sensor_Patio    | Temp: 12.97°C
2026-02-10 02:50:34,234 | INFO | 📡 Insertando: Sensor_Cocina   | Temp: 12.31°C
2026-02-10 02:50:34,235 | INFO | 📡 Insertando: Sensor_Salon    | Temp: 17.27°C
2026-02-10 02:50:34,235 | INFO | 🔋 Insertando: Bateria_General | 32.0%
2026-02-10 02:50:34,235 | INFO | 💧 Insertando: Humedad_Patio   | 81.4%
2026-02-10 02:50:39,238 | INFO | --- ⏱️ Ciclo: 2026-02-10 01:50:39 ---
2026-02-10 02:50:39,238 | INFO | 📡 Insertando: Sensor_Patio    | Temp: 14.95°C
2026-02-10 02:50:39,238 | INFO | 📡 Insertando: Sensor_Cocina   | Temp: 14.78°C
2026-02-10 02:50:39,238 | INFO | 📡 Insertando: Sensor_Salon    | Temp: 17.24°C
2026-02-10 02:50:39,238 | INFO | 🔋 Insertando: Bateria_General | 31.5%
2026-02-10 02:50:39,238 | INFO | 💧 Insertando: Humedad_Patio   | 78.5%
2026-02-10 02:50:44,240 | INFO | --- ⏱️ Ciclo: 2026-02-10 01:50:44 ---
2026-02-10 02:50:44,240 | INFO | 📡 Insertando: Sensor_Patio    | Temp: 17.72°C
2026-02-10 02:50:44,240 | INFO | 📡 Insertando: Sensor_Cocina   | Temp: 12.49°C
2026-02-10 02:50:44,240 | INFO | 📡 Insertando: Sensor_Salon    | Temp: 15.58°C
2026-02-10 02:50:44,240 | INFO | 🔋 Insertando: Bateria_General | 31.0%
2026-02-10 02:50:44,240 | INFO | 💧 Insertando: Humedad_Patio   | 73.8%
2026-02-10 02:50:49,243 | INFO | --- ⏱️ Ciclo: 2026-02-10 01:50:49 ---
2026-02-10 02:50:49,243 | INFO | 📡 Insertando: Sensor_Patio    | Temp: 15.81°C
2026-02-10 02:50:49,243 | INFO | 📡 Insertando: Sensor_Cocina   | Temp: 10.47°C
2026-02-10 02:50:49,243 | INFO | 📡 Insertando: Sensor_Salon    | Temp: 18.08°C
2026-02-10 02:50:49,244 | INFO | 🔋 Insertando: Bateria_General | 30.5%
2026-02-10 02:50:49,244 | INFO | 💧 Insertando: Humedad_Patio   | 75.1%
2026-02-10 02:50:54,247 | INFO | --- ⏱️ Ciclo: 2026-02-10 01:50:54 ---
2026-02-10 02:50:54,253 | INFO | 📡 Insertando: Sensor_Patio    | Temp: 12.73°C
2026-02-10 02:50:54,253 | INFO | 📡 Insertando: Sensor_Cocina   | Temp: 13.02°C
2026-02-10 02:50:54,253 | INFO | 📡 Insertando: Sensor_Salon    | Temp: 15.42°C
2026-02-10 02:50:54,253 | INFO | 🔋 Insertando: Bateria_General | 30.0%
2026-02-10 02:50:54,253 | INFO | 💧 Insertando: Humedad_Patio   | 80.0%
2026-02-10 02:50:59,255 | INFO | --- ⏱️ Ciclo: 2026-02-10 01:50:59 ---
2026-02-10 02:50:59,255 | INFO | 📡 Insertando: Sensor_Patio    | Temp: 13.20°C
2026-02-10 02:50:59,255 | INFO | 📡 Insertando: Sensor_Cocina   | Temp: 15.48°C
2026-02-10 02:50:59,255 | INFO | 📡 Insertando: Sensor_Salon    | Temp: 18.17°C
2026-02-10 02:50:59,255 | INFO | 🔋 Insertando: Bateria_General | 29.5%
2026-02-10 02:50:59,255 | INFO | 💧 Insertando: Humedad_Patio   | 79.0%
2026-02-10 02:51:04,258 | INFO | --- ⏱️ Ciclo: 2026-02-10 01:51:04 ---
2026-02-10 02:51:04,258 | INFO | 📡 Insertando: Sensor_Patio    | Temp: 10.47°C
2026-02-10 02:51:04,259 | INFO | 📡 Insertando: Sensor_Cocina   | Temp: 17.99°C
2026-02-10 02:51:04,259 | INFO | 📡 Insertando: Sensor_Salon    | Temp: 15.85°C
2026-02-10 02:51:04,259 | INFO | 🔋 Insertando: Bateria_General | 29.0%
2026-02-10 02:51:04,259 | INFO | 💧 Insertando: Humedad_Patio   | 83.4%
2026-02-10 02:51:09,262 | INFO | --- ⏱️ Ciclo: 2026-02-10 01:51:09 ---
2026-02-10 02:51:09,262 | INFO | 📡 Insertando: Sensor_Patio    | Temp: 13.28°C
2026-02-10 02:51:09,263 | INFO | 📡 Insertando: Sensor_Cocina   | Temp: 14.51°C
2026-02-10 02:51:09,263 | INFO | 📡 Insertando: Sensor_Salon    | Temp: 13.62°C
2026-02-10 02:51:09,263 | INFO | 🔋 Insertando: Bateria_General | 28.5%
2026-02-10 02:51:09,263 | INFO | 💧 Insertando: Humedad_Patio   | 80.7%
2026-02-10 02:51:14,266 | INFO | --- ⏱️ Ciclo: 2026-02-10 01:51:14 ---
2026-02-10 02:51:14,266 | INFO | 📡 Insertando: Sensor_Patio    | Temp: 14.98°C
2026-02-10 02:51:14,266 | INFO | 📡 Insertando: Sensor_Cocina   | Temp: 11.71°C
2026-02-10 02:51:14,266 | INFO | 📡 Insertando: Sensor_Salon    | Temp: 11.25°C
2026-02-10 02:51:14,266 | INFO | 🔋 Insertando: Bateria_General | 28.0%
2026-02-10 02:51:14,266 | INFO | 💧 Insertando: Humedad_Patio   | 76.1%
2026-02-10 02:51:19,274 | INFO | --- ⏱️ Ciclo: 2026-02-10 01:51:19 ---
2026-02-10 02:51:19,274 | INFO | 📡 Insertando: Sensor_Patio    | Temp: 12.36°C
2026-02-10 02:51:19,274 | INFO | 📡 Insertando: Sensor_Cocina   | Temp: 14.10°C
2026-02-10 02:51:19,274 | INFO | 📡 Insertando: Sensor_Salon    | Temp: 12.26°C
2026-02-10 02:51:19,274 | INFO | 🔋 Insertando: Bateria_General | 27.5%
2026-02-10 02:51:19,274 | INFO | 💧 Insertando: Humedad_Patio   | 80.7%
2026-02-10 02:51:24,278 | INFO | --- ⏱️ Ciclo: 2026-02-10 01:51:24 ---
2026-02-10 02:51:24,278 | INFO | 📡 Insertando: Sensor_Patio    | Temp: 15.13°C
2026-02-10 02:51:24,279 | INFO | 📡 Insertando: Sensor_Cocina   | Temp: 16.66°C
2026-02-10 02:51:24,280 | INFO | 📡 Insertando: Sensor_Salon    | Temp: 13.18°C
2026-02-10 02:51:24,280 | INFO | 🔋 Insertando: Bateria_General | 27.0%
2026-02-10 02:51:24,280 | INFO | 💧 Insertando: Humedad_Patio   | 76.8%
2026-02-10 02:51:29,284 | INFO | --- ⏱️ Ciclo: 2026-02-10 01:51:29 ---
2026-02-10 02:51:29,284 | INFO | 📡 Insertando: Sensor_Patio    | Temp: 16.76°C
2026-02-10 02:51:29,284 | INFO | 📡 Insertando: Sensor_Cocina   | Temp: 14.48°C
2026-02-10 02:51:29,284 | INFO | 📡 Insertando: Sensor_Salon    | Temp: 16.47°C
2026-02-10 02:51:29,284 | INFO | 🔋 Insertando: Bateria_General | 26.5%
2026-02-10 02:51:29,285 | INFO | 💧 Insertando: Humedad_Patio   | 75.5%
2026-02-10 02:51:34,288 | INFO | --- ⏱️ Ciclo: 2026-02-10 01:51:34 ---
2026-02-10 02:51:34,288 | INFO | 📡 Insertando: Sensor_Patio    | Temp: 19.61°C
2026-02-10 02:51:34,288 | INFO | 📡 Insertando: Sensor_Cocina   | Temp: 17.05°C
2026-02-10 02:51:34,289 | INFO | 📡 Insertando: Sensor_Salon    | Temp: 19.05°C
2026-02-10 02:51:34,289 | INFO | 🔋 Insertando: Bateria_General | 26.0%
2026-02-10 02:51:34,289 | INFO | 💧 Insertando: Humedad_Patio   | 72.3%
2026-02-10 02:51:39,292 | INFO | --- ⏱️ Ciclo: 2026-02-10 01:51:39 ---
2026-02-10 02:51:39,292 | INFO | 📡 Insertando: Sensor_Patio    | Temp: 16.88°C
2026-02-10 02:51:39,292 | INFO | 📡 Insertando: Sensor_Cocina   | Temp: 19.86°C
2026-02-10 02:51:39,293 | INFO | 📡 Insertando: Sensor_Salon    | Temp: 17.34°C
2026-02-10 02:51:39,293 | INFO | 🔋 Insertando: Bateria_General | 25.5%
2026-02-10 02:51:39,293 | INFO | 💧 Insertando: Humedad_Patio   | 74.2%
2026-02-10 02:51:44,297 | INFO | --- ⏱️ Ciclo: 2026-02-10 01:51:44 ---
2026-02-10 02:51:44,297 | INFO | 📡 Insertando: Sensor_Patio    | Temp: 14.46°C
2026-02-10 02:51:44,298 | INFO | 📡 Insertando: Sensor_Cocina   | Temp: 17.58°C
2026-02-10 02:51:44,298 | INFO | 📡 Insertando: Sensor_Salon    | Temp: 15.33°C
2026-02-10 02:51:44,298 | INFO | 🔋 Insertando: Bateria_General | 25.0%
2026-02-10 02:51:44,298 | INFO | 💧 Insertando: Humedad_Patio   | 76.7%
2026-02-10 02:51:49,306 | INFO | --- ⏱️ Ciclo: 2026-02-10 01:51:49 ---
2026-02-10 02:51:49,306 | INFO | 📡 Insertando: Sensor_Patio    | Temp: 17.68°C
2026-02-10 02:51:49,307 | INFO | 📡 Insertando: Sensor_Cocina   | Temp: 15.04°C
2026-02-10 02:51:49,307 | INFO | 📡 Insertando: Sensor_Salon    | Temp: 13.02°C
2026-02-10 02:51:49,307 | INFO | 🔋 Insertando: Bateria_General | 24.5%
2026-02-10 02:51:49,307 | INFO | 💧 Insertando: Humedad_Patio   | 72.7%
2026-02-10 02:51:54,311 | INFO | --- ⏱️ Ciclo: 2026-02-10 01:51:54 ---
2026-02-10 02:51:54,311 | INFO | 📡 Insertando: Sensor_Patio    | Temp: 14.78°C
2026-02-10 02:51:54,312 | INFO | 📡 Insertando: Sensor_Cocina   | Temp: 13.23°C
2026-02-10 02:51:54,312 | INFO | 📡 Insertando: Sensor_Salon    | Temp: 16.16°C
2026-02-10 02:51:54,312 | INFO | 🔋 Insertando: Bateria_General | 24.0%
2026-02-10 02:51:54,312 | INFO | 💧 Insertando: Humedad_Patio   | 78.7%
2026-02-10 02:51:59,315 | INFO | --- ⏱️ Ciclo: 2026-02-10 01:51:59 ---
2026-02-10 02:51:59,315 | INFO | 📡 Insertando: Sensor_Patio    | Temp: 12.79°C
2026-02-10 02:51:59,315 | INFO | 📡 Insertando: Sensor_Cocina   | Temp: 15.17°C
2026-02-10 02:51:59,315 | INFO | 📡 Insertando: Sensor_Salon    | Temp: 18.77°C
2026-02-10 02:51:59,315 | INFO | 🔋 Insertando: Bateria_General | 23.5%
2026-02-10 02:51:59,316 | INFO | 💧 Insertando: Humedad_Patio   | 78.9%
2026-02-10 02:52:04,319 | INFO | --- ⏱️ Ciclo: 2026-02-10 01:52:04 ---
2026-02-10 02:52:04,319 | INFO | 📡 Insertando: Sensor_Patio    | Temp: 13.01°C
2026-02-10 02:52:04,319 | INFO | 📡 Insertando: Sensor_Cocina   | Temp: 17.47°C
2026-02-10 02:52:04,320 | INFO | 📡 Insertando: Sensor_Salon    | Temp: 16.42°C
2026-02-10 02:52:04,320 | INFO | 🔋 Insertando: Bateria_General | 23.0%
2026-02-10 02:52:04,320 | INFO | 💧 Insertando: Humedad_Patio   | 81.2%
2026-02-10 02:52:09,323 | INFO | --- ⏱️ Ciclo: 2026-02-10 01:52:09 ---
2026-02-10 02:52:09,323 | INFO | 📡 Insertando: Sensor_Patio    | Temp: 16.05°C
2026-02-10 02:52:09,325 | INFO | 📡 Insertando: Sensor_Cocina   | Temp: 19.77°C
2026-02-10 02:52:09,325 | INFO | 📡 Insertando: Sensor_Salon    | Temp: 14.07°C
2026-02-10 02:52:09,325 | INFO | 🔋 Insertando: Bateria_General | 22.5%
2026-02-10 02:52:09,325 | INFO | 💧 Insertando: Humedad_Patio   | 75.2%
2026-02-10 02:52:14,328 | INFO | --- ⏱️ Ciclo: 2026-02-10 01:52:14 ---
2026-02-10 02:52:14,329 | INFO | 📡 Insertando: Sensor_Patio    | Temp: 19.17°C
2026-02-10 02:52:14,329 | INFO | 📡 Insertando: Sensor_Cocina   | Temp: 16.39°C
2026-02-10 02:52:14,329 | INFO | 📡 Insertando: Sensor_Salon    | Temp: 11.68°C
2026-02-10 02:52:14,329 | INFO | 🔋 Insertando: Bateria_General | 22.0%
2026-02-10 02:52:14,329 | INFO | 💧 Insertando: Humedad_Patio   | 73.0%
2026-02-10 02:52:19,336 | INFO | --- ⏱️ Ciclo: 2026-02-10 01:52:19 ---
2026-02-10 02:52:19,336 | INFO | 📡 Insertando: Sensor_Patio    | Temp: 16.43°C
2026-02-10 02:52:19,336 | INFO | 📡 Insertando: Sensor_Cocina   | Temp: 18.43°C
2026-02-10 02:52:19,337 | INFO | 📡 Insertando: Sensor_Salon    | Temp: 12.15°C
2026-02-10 02:52:19,337 | INFO | 🔋 Insertando: Bateria_General | 21.5%
2026-02-10 02:52:19,337 | INFO | 💧 Insertando: Humedad_Patio   | 76.4%
2026-02-10 02:52:24,340 | INFO | --- ⏱️ Ciclo: 2026-02-10 01:52:24 ---
2026-02-10 02:52:24,340 | INFO | 📡 Insertando: Sensor_Patio    | Temp: 19.68°C
2026-02-10 02:52:24,340 | INFO | 📡 Insertando: Sensor_Cocina   | Temp: 17.14°C
2026-02-10 02:52:24,340 | INFO | 📡 Insertando: Sensor_Salon    | Temp: 14.87°C
2026-02-10 02:52:24,340 | INFO | 🔋 Insertando: Bateria_General | 21.0%
2026-02-10 02:52:24,340 | INFO | 💧 Insertando: Humedad_Patio   | 70.4%
2026-02-10 02:52:29,342 | INFO | --- ⏱️ Ciclo: 2026-02-10 01:52:29 ---
2026-02-10 02:52:29,343 | INFO | 📡 Insertando: Sensor_Patio    | Temp: 17.00°C
2026-02-10 02:52:29,343 | INFO | 📡 Insertando: Sensor_Cocina   | Temp: 14.99°C
2026-02-10 02:52:29,344 | INFO | 📡 Insertando: Sensor_Salon    | Temp: 12.41°C
2026-02-10 02:52:29,344 | INFO | 🔋 Insertando: Bateria_General | 20.5%
2026-02-10 02:52:29,344 | INFO | 💧 Insertando: Humedad_Patio   | 73.3%
2026-02-10 02:52:34,347 | INFO | --- ⏱️ Ciclo: 2026-02-10 01:52:34 ---
2026-02-10 02:52:34,348 | INFO | 📡 Insertando: Sensor_Patio    | Temp: 13.69°C
2026-02-10 02:52:34,349 | INFO | 📡 Insertando: Sensor_Cocina   | Temp: 16.75°C
2026-02-10 02:52:34,349 | INFO | 📡 Insertando: Sensor_Salon    | Temp: 14.37°C
2026-02-10 02:52:34,349 | INFO | 🔋 Insertando: Bateria_General | 20.0%
2026-02-10 02:52:34,349 | INFO | 💧 Insertando: Humedad_Patio   | 79.6%
2026-02-10 02:52:39,353 | INFO | --- ⏱️ Ciclo: 2026-02-10 01:52:39 ---
2026-02-10 02:52:39,353 | INFO | 📡 Insertando: Sensor_Patio    | Temp: 16.20°C
2026-02-10 02:52:39,353 | INFO | 📡 Insertando: Sensor_Cocina   | Temp: 19.48°C
2026-02-10 02:52:39,354 | INFO | 📡 Insertando: Sensor_Salon    | Temp: 16.75°C
2026-02-10 02:52:39,354 | INFO | 🔋 Insertando: Bateria_General | 100.0%
2026-02-10 02:52:39,354 | INFO | 💧 Insertando: Humedad_Patio   | 76.1%
2026-02-10 02:52:44,357 | INFO | --- ⏱️ Ciclo: 2026-02-10 01:52:44 ---
2026-02-10 02:52:44,358 | INFO | 📡 Insertando: Sensor_Patio    | Temp: 18.65°C
2026-02-10 02:52:44,359 | INFO | 📡 Insertando: Sensor_Cocina   | Temp: 17.27°C
2026-02-10 02:52:44,359 | INFO | 📡 Insertando: Sensor_Salon    | Temp: 14.08°C
2026-02-10 02:52:44,359 | INFO | 🔋 Insertando: Bateria_General | 99.5%
2026-02-10 02:52:44,359 | INFO | 💧 Insertando: Humedad_Patio   | 73.3%
2026-02-10 02:52:49,367 | INFO | --- ⏱️ Ciclo: 2026-02-10 01:52:49 ---
2026-02-10 02:52:49,368 | INFO | 📡 Insertando: Sensor_Patio    | Temp: 16.47°C
2026-02-10 02:52:49,368 | INFO | 📡 Insertando: Sensor_Cocina   | Temp: 19.54°C
2026-02-10 02:52:49,369 | INFO | 📡 Insertando: Sensor_Salon    | Temp: 16.69°C
2026-02-10 02:52:49,369 | INFO | 🔋 Insertando: Bateria_General | 99.0%
2026-02-10 02:52:49,369 | INFO | 💧 Insertando: Humedad_Patio   | 74.9%
2026-02-10 02:52:54,377 | INFO | --- ⏱️ Ciclo: 2026-02-10 01:52:54 ---
2026-02-10 02:52:54,377 | INFO | 📡 Insertando: Sensor_Patio    | Temp: 19.21°C
2026-02-10 02:52:54,377 | INFO | 📡 Insertando: Sensor_Cocina   | Temp: 16.96°C
2026-02-10 02:52:54,378 | INFO | 📡 Insertando: Sensor_Salon    | Temp: 19.04°C
2026-02-10 02:52:54,378 | INFO | 🔋 Insertando: Bateria_General | 98.5%
2026-02-10 02:52:54,378 | INFO | 💧 Insertando: Humedad_Patio   | 71.6%
2026-02-10 02:52:59,380 | INFO | --- ⏱️ Ciclo: 2026-02-10 01:52:59 ---
2026-02-10 02:52:59,380 | INFO | 📡 Insertando: Sensor_Patio    | Temp: 16.41°C
2026-02-10 02:52:59,380 | INFO | 📡 Insertando: Sensor_Cocina   | Temp: 16.81°C
2026-02-10 02:52:59,380 | INFO | 📡 Insertando: Sensor_Salon    | Temp: 17.02°C
2026-02-10 02:52:59,380 | INFO | 🔋 Insertando: Bateria_General | 98.0%
2026-02-10 02:52:59,380 | INFO | 💧 Insertando: Humedad_Patio   | 76.4%
2026-02-10 02:53:04,383 | INFO | --- ⏱️ Ciclo: 2026-02-10 01:53:04 ---
2026-02-10 02:53:04,383 | INFO | 📡 Insertando: Sensor_Patio    | Temp: 14.01°C
2026-02-10 02:53:04,384 | INFO | 📡 Insertando: Sensor_Cocina   | Temp: 18.80°C
2026-02-10 02:53:04,384 | INFO | 📡 Insertando: Sensor_Salon    | Temp: 14.26°C
2026-02-10 02:53:04,384 | INFO | 🔋 Insertando: Bateria_General | 97.5%
2026-02-10 02:53:04,384 | INFO | 💧 Insertando: Humedad_Patio   | 79.2%
2026-02-10 02:53:09,388 | INFO | --- ⏱️ Ciclo: 2026-02-10 01:53:09 ---
2026-02-10 02:53:09,388 | INFO | 📡 Insertando: Sensor_Patio    | Temp: 16.21°C
2026-02-10 02:53:09,388 | INFO | 📡 Insertando: Sensor_Cocina   | Temp: 17.75°C
2026-02-10 02:53:09,388 | INFO | 📡 Insertando: Sensor_Salon    | Temp: 10.94°C
2026-02-10 02:53:09,388 | INFO | 🔋 Insertando: Bateria_General | 97.0%
2026-02-10 02:53:09,388 | INFO | 💧 Insertando: Humedad_Patio   | 76.8%
2026-02-10 02:53:14,392 | INFO | --- ⏱️ Ciclo: 2026-02-10 01:53:14 ---
2026-02-10 02:53:14,392 | INFO | 📡 Insertando: Sensor_Patio    | Temp: 18.50°C
2026-02-10 02:53:14,392 | INFO | 📡 Insertando: Sensor_Cocina   | Temp: 19.52°C
2026-02-10 02:53:14,392 | INFO | 📡 Insertando: Sensor_Salon    | Temp: 12.15°C
2026-02-10 02:53:14,393 | INFO | 🔋 Insertando: Bateria_General | 96.5%
2026-02-10 02:53:14,393 | INFO | 💧 Insertando: Humedad_Patio   | 73.5%
2026-02-10 02:53:19,400 | INFO | --- ⏱️ Ciclo: 2026-02-10 01:53:19 ---
2026-02-10 02:53:19,400 | INFO | 📡 Insertando: Sensor_Patio    | Temp: 15.85°C
2026-02-10 02:53:19,401 | INFO | 📡 Insertando: Sensor_Cocina   | Temp: 17.52°C
2026-02-10 02:53:19,401 | INFO | 📡 Insertando: Sensor_Salon    | Temp: 12.19°C
2026-02-10 02:53:19,401 | INFO | 🔋 Insertando: Bateria_General | 96.0%
2026-02-10 02:53:19,401 | INFO | 💧 Insertando: Humedad_Patio   | 75.0%
2026-02-10 02:53:24,409 | INFO | --- ⏱️ Ciclo: 2026-02-10 01:53:24 ---
2026-02-10 02:53:24,415 | INFO | 📡 Insertando: Sensor_Patio    | Temp: 13.31°C
2026-02-10 02:53:24,415 | INFO | 📡 Insertando: Sensor_Cocina   | Temp: 20.00°C
2026-02-10 02:53:24,415 | INFO | 📡 Insertando: Sensor_Salon    | Temp: 12.29°C
2026-02-10 02:53:24,415 | INFO | 🔋 Insertando: Bateria_General | 95.5%
2026-02-10 02:53:24,415 | INFO | 💧 Insertando: Humedad_Patio   | 81.2%
2026-02-10 02:53:29,417 | INFO | --- ⏱️ Ciclo: 2026-02-10 01:53:29 ---
2026-02-10 02:53:29,417 | INFO | 📡 Insertando: Sensor_Patio    | Temp: 13.34°C
2026-02-10 02:53:29,417 | INFO | 📡 Insertando: Sensor_Cocina   | Temp: 16.79°C
2026-02-10 02:53:29,417 | INFO | 📡 Insertando: Sensor_Salon    | Temp: 12.98°C
2026-02-10 02:53:29,418 | INFO | 🔋 Insertando: Bateria_General | 95.0%
2026-02-10 02:53:29,418 | INFO | 💧 Insertando: Humedad_Patio   | 80.7%
2026-02-10 02:53:34,421 | INFO | --- ⏱️ Ciclo: 2026-02-10 01:53:34 ---
2026-02-10 02:53:34,421 | INFO | 📡 Insertando: Sensor_Patio    | Temp: 11.49°C
2026-02-10 02:53:34,421 | INFO | 📡 Insertando: Sensor_Cocina   | Temp: 14.03°C
2026-02-10 02:53:34,421 | INFO | 📡 Insertando: Sensor_Salon    | Temp: 14.59°C
2026-02-10 02:53:34,421 | INFO | 🔋 Insertando: Bateria_General | 94.5%
2026-02-10 02:53:34,421 | INFO | 💧 Insertando: Humedad_Patio   | 82.1%
2026-02-10 02:53:39,425 | INFO | --- ⏱️ Ciclo: 2026-02-10 01:53:39 ---
2026-02-10 02:53:39,425 | INFO | 📡 Insertando: Sensor_Patio    | Temp: 13.91°C
2026-02-10 02:53:39,425 | INFO | 📡 Insertando: Sensor_Cocina   | Temp: 12.03°C
2026-02-10 02:53:39,425 | INFO | 📡 Insertando: Sensor_Salon    | Temp: 12.11°C
2026-02-10 02:53:39,426 | INFO | 🔋 Insertando: Bateria_General | 94.0%
2026-02-10 02:53:39,426 | INFO | 💧 Insertando: Humedad_Patio   | 78.0%
2026-02-10 02:53:44,433 | INFO | --- ⏱️ Ciclo: 2026-02-10 01:53:44 ---
2026-02-10 02:53:44,433 | INFO | 📡 Insertando: Sensor_Patio    | Temp: 12.28°C
2026-02-10 02:53:44,434 | INFO | 📡 Insertando: Sensor_Cocina   | Temp: 10.05°C
2026-02-10 02:53:44,434 | INFO | 📡 Insertando: Sensor_Salon    | Temp: 16.06°C
2026-02-10 02:53:44,434 | INFO | 🔋 Insertando: Bateria_General | 93.5%
2026-02-10 02:53:44,434 | INFO | 💧 Insertando: Humedad_Patio   | 83.4%
2026-02-10 02:53:49,442 | INFO | --- ⏱️ Ciclo: 2026-02-10 01:53:49 ---
2026-02-10 02:53:49,442 | INFO | 📡 Insertando: Sensor_Patio    | Temp: 14.79°C
2026-02-10 02:53:49,442 | INFO | 📡 Insertando: Sensor_Cocina   | Temp: 11.92°C
2026-02-10 02:53:49,442 | INFO | 📡 Insertando: Sensor_Salon    | Temp: 18.69°C
2026-02-10 02:53:49,442 | INFO | 🔋 Insertando: Bateria_General | 93.0%
2026-02-10 02:53:49,442 | INFO | 💧 Insertando: Humedad_Patio   | 78.0%
2026-02-10 02:53:54,450 | INFO | --- ⏱️ Ciclo: 2026-02-10 01:53:54 ---
2026-02-10 02:53:54,450 | INFO | 📡 Insertando: Sensor_Patio    | Temp: 17.45°C
2026-02-10 02:53:54,450 | INFO | 📡 Insertando: Sensor_Cocina   | Temp: 12.70°C
2026-02-10 02:53:54,450 | INFO | 📡 Insertando: Sensor_Salon    | Temp: 16.68°C
2026-02-10 02:53:54,450 | INFO | 🔋 Insertando: Bateria_General | 92.5%
2026-02-10 02:53:54,450 | INFO | 💧 Insertando: Humedad_Patio   | 72.3%
2026-02-10 02:53:59,454 | INFO | --- ⏱️ Ciclo: 2026-02-10 01:53:59 ---
2026-02-10 02:53:59,454 | INFO | 📡 Insertando: Sensor_Patio    | Temp: 14.85°C
2026-02-10 02:53:59,454 | INFO | 📡 Insertando: Sensor_Cocina   | Temp: 13.10°C
2026-02-10 02:53:59,454 | INFO | 📡 Insertando: Sensor_Salon    | Temp: 19.74°C
2026-02-10 02:53:59,454 | INFO | 🔋 Insertando: Bateria_General | 92.0%
2026-02-10 02:53:59,454 | INFO | 💧 Insertando: Humedad_Patio   | 76.9%
2026-02-10 02:54:04,457 | INFO | --- ⏱️ Ciclo: 2026-02-10 01:54:04 ---
2026-02-10 02:54:04,457 | INFO | 📡 Insertando: Sensor_Patio    | Temp: 16.56°C
2026-02-10 02:54:04,458 | INFO | 📡 Insertando: Sensor_Cocina   | Temp: 10.25°C
2026-02-10 02:54:04,458 | INFO | 📡 Insertando: Sensor_Salon    | Temp: 17.41°C
2026-02-10 02:54:04,458 | INFO | 🔋 Insertando: Bateria_General | 91.5%
2026-02-10 02:54:04,458 | INFO | 💧 Insertando: Humedad_Patio   | 76.3%
2026-02-10 02:54:09,462 | INFO | --- ⏱️ Ciclo: 2026-02-10 01:54:09 ---
2026-02-10 02:54:09,462 | INFO | 📡 Insertando: Sensor_Patio    | Temp: 18.64°C
2026-02-10 02:54:09,462 | INFO | 📡 Insertando: Sensor_Cocina   | Temp: 13.04°C
2026-02-10 02:54:09,462 | INFO | 📡 Insertando: Sensor_Salon    | Temp: 15.26°C
2026-02-10 02:54:09,462 | INFO | 🔋 Insertando: Bateria_General | 91.0%
2026-02-10 02:54:09,463 | INFO | 💧 Insertando: Humedad_Patio   | 72.7%
2026-02-10 02:54:14,465 | INFO | --- ⏱️ Ciclo: 2026-02-10 01:54:14 ---
2026-02-10 02:54:14,465 | INFO | 📡 Insertando: Sensor_Patio    | Temp: 16.26°C
2026-02-10 02:54:14,465 | INFO | 📡 Insertando: Sensor_Cocina   | Temp: 13.21°C
2026-02-10 02:54:14,466 | INFO | 📡 Insertando: Sensor_Salon    | Temp: 18.41°C
2026-02-10 02:54:14,466 | INFO | 🔋 Insertando: Bateria_General | 90.5%
2026-02-10 02:54:14,466 | INFO | 💧 Insertando: Humedad_Patio   | 76.0%
2026-02-10 02:54:19,469 | INFO | --- ⏱️ Ciclo: 2026-02-10 01:54:19 ---
2026-02-10 02:54:19,470 | INFO | 📡 Insertando: Sensor_Patio    | Temp: 19.13°C
2026-02-10 02:54:19,470 | INFO | 📡 Insertando: Sensor_Cocina   | Temp: 10.04°C
2026-02-10 02:54:19,470 | INFO | 📡 Insertando: Sensor_Salon    | Temp: 17.30°C
2026-02-10 02:54:19,470 | INFO | 🔋 Insertando: Bateria_General | 90.0%
2026-02-10 02:54:19,470 | INFO | 💧 Insertando: Humedad_Patio   | 69.4%
2026-02-10 02:54:24,478 | INFO | --- ⏱️ Ciclo: 2026-02-10 01:54:24 ---
2026-02-10 02:54:24,478 | INFO | 📡 Insertando: Sensor_Patio    | Temp: 16.39°C
2026-02-10 02:54:24,479 | INFO | 📡 Insertando: Sensor_Cocina   | Temp: 11.95°C
2026-02-10 02:54:24,479 | INFO | 📡 Insertando: Sensor_Salon    | Temp: 19.74°C
2026-02-10 02:54:24,479 | INFO | 🔋 Insertando: Bateria_General | 89.5%
2026-02-10 02:54:24,479 | INFO | 💧 Insertando: Humedad_Patio   | 73.7%
2026-02-10 02:54:29,482 | INFO | --- ⏱️ Ciclo: 2026-02-10 01:54:29 ---
2026-02-10 02:54:29,482 | INFO | 📡 Insertando: Sensor_Patio    | Temp: 18.36°C
2026-02-10 02:54:29,482 | INFO | 📡 Insertando: Sensor_Cocina   | Temp: 12.71°C
2026-02-10 02:54:29,483 | INFO | 📡 Insertando: Sensor_Salon    | Temp: 17.46°C
2026-02-10 02:54:29,483 | INFO | 🔋 Insertando: Bateria_General | 89.0%
2026-02-10 02:54:29,483 | INFO | 💧 Insertando: Humedad_Patio   | 74.2%
2026-02-10 02:54:34,486 | INFO | --- ⏱️ Ciclo: 2026-02-10 01:54:34 ---
2026-02-10 02:54:34,486 | INFO | 📡 Insertando: Sensor_Patio    | Temp: 18.04°C
2026-02-10 02:54:34,486 | INFO | 📡 Insertando: Sensor_Cocina   | Temp: 10.47°C
2026-02-10 02:54:34,486 | INFO | 📡 Insertando: Sensor_Salon    | Temp: 19.90°C
2026-02-10 02:54:34,486 | INFO | 🔋 Insertando: Bateria_General | 88.5%
2026-02-10 02:54:34,486 | INFO | 💧 Insertando: Humedad_Patio   | 71.8%
2026-02-10 02:54:39,489 | INFO | --- ⏱️ Ciclo: 2026-02-10 01:54:39 ---
2026-02-10 02:54:39,490 | INFO | 📡 Insertando: Sensor_Patio    | Temp: 14.97°C
2026-02-10 02:54:39,490 | INFO | 📡 Insertando: Sensor_Cocina   | Temp: 12.36°C
2026-02-10 02:54:39,490 | INFO | 📡 Insertando: Sensor_Salon    | Temp: 17.05°C
2026-02-10 02:54:39,490 | INFO | 🔋 Insertando: Bateria_General | 88.0%
2026-02-10 02:54:39,490 | INFO | 💧 Insertando: Humedad_Patio   | 76.9%
2026-02-10 02:54:44,493 | INFO | --- ⏱️ Ciclo: 2026-02-10 01:54:44 ---
2026-02-10 02:54:44,494 | INFO | 📡 Insertando: Sensor_Patio    | Temp: 12.41°C
2026-02-10 02:54:44,494 | INFO | 📡 Insertando: Sensor_Cocina   | Temp: 15.60°C
2026-02-10 02:54:44,494 | INFO | 📡 Insertando: Sensor_Salon    | Temp: 19.52°C
2026-02-10 02:54:44,494 | INFO | 🔋 Insertando: Bateria_General | 87.5%
2026-02-10 02:54:44,494 | INFO | 💧 Insertando: Humedad_Patio   | 81.8%
2026-02-10 02:54:49,497 | INFO | --- ⏱️ Ciclo: 2026-02-10 01:54:49 ---
2026-02-10 02:54:49,497 | INFO | 📡 Insertando: Sensor_Patio    | Temp: 10.04°C
2026-02-10 02:54:49,497 | INFO | 📡 Insertando: Sensor_Cocina   | Temp: 17.51°C
2026-02-10 02:54:49,497 | INFO | 📡 Insertando: Sensor_Salon    | Temp: 16.37°C
2026-02-10 02:54:49,497 | INFO | 🔋 Insertando: Bateria_General | 87.0%
2026-02-10 02:54:49,497 | INFO | 💧 Insertando: Humedad_Patio   | 86.8%
2026-02-10 02:54:54,501 | INFO | --- ⏱️ Ciclo: 2026-02-10 01:54:54 ---
2026-02-10 02:54:54,501 | INFO | 📡 Insertando: Sensor_Patio    | Temp: 12.49°C
2026-02-10 02:54:54,501 | INFO | 📡 Insertando: Sensor_Cocina   | Temp: 17.17°C
2026-02-10 02:54:54,501 | INFO | 📡 Insertando: Sensor_Salon    | Temp: 18.30°C
2026-02-10 02:54:54,501 | INFO | 🔋 Insertando: Bateria_General | 86.5%
2026-02-10 02:54:54,501 | INFO | 💧 Insertando: Humedad_Patio   | 81.2%
2026-02-10 02:54:59,504 | INFO | --- ⏱️ Ciclo: 2026-02-10 01:54:59 ---
2026-02-10 02:54:59,504 | INFO | 📡 Insertando: Sensor_Patio    | Temp: 15.74°C
2026-02-10 02:54:59,504 | INFO | 📡 Insertando: Sensor_Cocina   | Temp: 19.00°C
2026-02-10 02:54:59,504 | INFO | 📡 Insertando: Sensor_Salon    | Temp: 16.94°C
2026-02-10 02:54:59,504 | INFO | 🔋 Insertando: Bateria_General | 86.0%
2026-02-10 02:54:59,505 | INFO | 💧 Insertando: Humedad_Patio   | 77.4%
2026-02-10 02:55:04,507 | INFO | --- ⏱️ Ciclo: 2026-02-10 01:55:04 ---
2026-02-10 02:55:04,507 | INFO | 📡 Insertando: Sensor_Patio    | Temp: 13.00°C
2026-02-10 02:55:04,507 | INFO | 📡 Insertando: Sensor_Cocina   | Temp: 16.62°C
2026-02-10 02:55:04,507 | INFO | 📡 Insertando: Sensor_Salon    | Temp: 14.84°C
2026-02-10 02:55:04,507 | INFO | 🔋 Insertando: Bateria_General | 85.5%
2026-02-10 02:55:04,507 | INFO | 💧 Insertando: Humedad_Patio   | 80.1%
2026-02-10 02:55:09,510 | INFO | --- ⏱️ Ciclo: 2026-02-10 01:55:09 ---
2026-02-10 02:55:09,510 | INFO | 📡 Insertando: Sensor_Patio    | Temp: 15.81°C
2026-02-10 02:55:09,511 | INFO | 📡 Insertando: Sensor_Cocina   | Temp: 19.78°C
2026-02-10 02:55:09,511 | INFO | 📡 Insertando: Sensor_Salon    | Temp: 12.81°C
2026-02-10 02:55:09,511 | INFO | 🔋 Insertando: Bateria_General | 85.0%
2026-02-10 02:55:09,511 | INFO | 💧 Insertando: Humedad_Patio   | 74.4%
2026-02-10 02:55:14,514 | INFO | --- ⏱️ Ciclo: 2026-02-10 01:55:14 ---
2026-02-10 02:55:14,514 | INFO | 📡 Insertando: Sensor_Patio    | Temp: 12.76°C
2026-02-10 02:55:14,514 | INFO | 📡 Insertando: Sensor_Cocina   | Temp: 16.72°C
2026-02-10 02:55:14,514 | INFO | 📡 Insertando: Sensor_Salon    | Temp: 15.34°C
2026-02-10 02:55:14,514 | INFO | 🔋 Insertando: Bateria_General | 84.5%
2026-02-10 02:55:14,514 | INFO | 💧 Insertando: Humedad_Patio   | 79.4%
2026-02-10 02:55:19,517 | INFO | --- ⏱️ Ciclo: 2026-02-10 01:55:19 ---
2026-02-10 02:55:19,517 | INFO | 📡 Insertando: Sensor_Patio    | Temp: 10.18°C
2026-02-10 02:55:19,518 | INFO | 📡 Insertando: Sensor_Cocina   | Temp: 18.42°C
2026-02-10 02:55:19,518 | INFO | 📡 Insertando: Sensor_Salon    | Temp: 17.65°C
2026-02-10 02:55:19,518 | INFO | 🔋 Insertando: Bateria_General | 84.0%
2026-02-10 02:55:19,518 | INFO | 💧 Insertando: Humedad_Patio   | 84.7%
2026-02-10 02:55:24,521 | INFO | --- ⏱️ Ciclo: 2026-02-10 01:55:24 ---
2026-02-10 02:55:24,521 | INFO | 📡 Insertando: Sensor_Patio    | Temp: 13.05°C
2026-02-10 02:55:24,521 | INFO | 📡 Insertando: Sensor_Cocina   | Temp: 16.68°C
2026-02-10 02:55:24,521 | INFO | 📡 Insertando: Sensor_Salon    | Temp: 19.93°C
2026-02-10 02:55:24,521 | INFO | 🔋 Insertando: Bateria_General | 83.5%
2026-02-10 02:55:24,521 | INFO | 💧 Insertando: Humedad_Patio   | 79.8%
2026-02-10 02:55:29,525 | INFO | --- ⏱️ Ciclo: 2026-02-10 01:55:29 ---
2026-02-10 02:55:29,525 | INFO | 📡 Insertando: Sensor_Patio    | Temp: 15.01°C
2026-02-10 02:55:29,525 | INFO | 📡 Insertando: Sensor_Cocina   | Temp: 14.67°C
2026-02-10 02:55:29,525 | INFO | 📡 Insertando: Sensor_Salon    | Temp: 16.78°C
2026-02-10 02:55:29,525 | INFO | 🔋 Insertando: Bateria_General | 83.0%
2026-02-10 02:55:29,525 | INFO | 💧 Insertando: Humedad_Patio   | 78.2%
2026-02-10 02:55:34,529 | INFO | --- ⏱️ Ciclo: 2026-02-10 01:55:34 ---
2026-02-10 02:55:34,529 | INFO | 📡 Insertando: Sensor_Patio    | Temp: 12.86°C
2026-02-10 02:55:34,529 | INFO | 📡 Insertando: Sensor_Cocina   | Temp: 11.61°C
2026-02-10 02:55:34,530 | INFO | 📡 Insertando: Sensor_Salon    | Temp: 18.83°C
2026-02-10 02:55:34,530 | INFO | 🔋 Insertando: Bateria_General | 82.5%
2026-02-10 02:55:34,530 | INFO | 💧 Insertando: Humedad_Patio   | 82.5%
2026-02-10 02:55:39,534 | INFO | --- ⏱️ Ciclo: 2026-02-10 01:55:39 ---
2026-02-10 02:55:39,534 | INFO | 📡 Insertando: Sensor_Patio    | Temp: 10.62°C
2026-02-10 02:55:39,535 | INFO | 📡 Insertando: Sensor_Cocina   | Temp: 12.87°C
2026-02-10 02:55:39,535 | INFO | 📡 Insertando: Sensor_Salon    | Temp: 15.59°C
2026-02-10 02:55:39,535 | INFO | 🔋 Insertando: Bateria_General | 82.0%
2026-02-10 02:55:39,536 | INFO | 💧 Insertando: Humedad_Patio   | 85.8%
2026-02-10 02:55:44,539 | INFO | --- ⏱️ Ciclo: 2026-02-10 01:55:44 ---
2026-02-10 02:55:44,541 | INFO | 📡 Insertando: Sensor_Patio    | Temp: 13.35°C
2026-02-10 02:55:44,542 | INFO | 📡 Insertando: Sensor_Cocina   | Temp: 13.11°C
2026-02-10 02:55:44,542 | INFO | 📡 Insertando: Sensor_Salon    | Temp: 16.93°C
2026-02-10 02:55:44,542 | INFO | 🔋 Insertando: Bateria_General | 81.5%
2026-02-10 02:55:44,542 | INFO | 💧 Insertando: Humedad_Patio   | 79.0%
2026-02-10 02:55:49,544 | INFO | --- ⏱️ Ciclo: 2026-02-10 01:55:49 ---
2026-02-10 02:55:49,544 | INFO | 📡 Insertando: Sensor_Patio    | Temp: 10.70°C
2026-02-10 02:55:49,545 | INFO | 📡 Insertando: Sensor_Cocina   | Temp: 16.11°C
2026-02-10 02:55:49,545 | INFO | 📡 Insertando: Sensor_Salon    | Temp: 14.40°C
2026-02-10 02:55:49,545 | INFO | 🔋 Insertando: Bateria_General | 81.0%
2026-02-10 02:55:49,545 | INFO | 💧 Insertando: Humedad_Patio   | 83.1%
2026-02-10 02:55:54,549 | INFO | --- ⏱️ Ciclo: 2026-02-10 01:55:54 ---
2026-02-10 02:55:54,549 | INFO | 📡 Insertando: Sensor_Patio    | Temp: 12.41°C
2026-02-10 02:55:54,550 | INFO | 📡 Insertando: Sensor_Cocina   | Temp: 19.14°C
2026-02-10 02:55:54,550 | INFO | 📡 Insertando: Sensor_Salon    | Temp: 12.23°C
2026-02-10 02:55:54,550 | INFO | 🔋 Insertando: Bateria_General | 80.5%
2026-02-10 02:55:54,550 | INFO | 💧 Insertando: Humedad_Patio   | 80.1%
